"subject","hem","roi","cyto","domain","group","tract","percentage"
"KG22/KG22_150201_time_01_1","lh","FG2-mid","FG4","none","adult","IFOF",0
"KG22/KG22_150201_time_01_1","lh","FG2-mid","FG4","none","adult","ILF",18.5185185185185
"KG22/KG22_150201_time_01_1","lh","FG2-mid","FG4","none","adult","AF",11.1111111111111
"KG22/KG22_150201_time_01_1","lh","FG2-mid","FG4","none","adult","pAF",3.7037037037037
"KG22/KG22_150201_time_01_1","lh","FG2-mid","FG4","none","adult","VOF",66.6666666666667
"CS22/CS22_150322_time_01_1","lh","FG2-mid","FG4","none","adult","IFOF",0.992555831265509
"CS22/CS22_150322_time_01_1","lh","FG2-mid","FG4","none","adult","ILF",5.95533498759305
"CS22/CS22_150322_time_01_1","lh","FG2-mid","FG4","none","adult","AF",15.136476426799
"CS22/CS22_150322_time_01_1","lh","FG2-mid","FG4","none","adult","pAF",54.3424317617866
"CS22/CS22_150322_time_01_1","lh","FG2-mid","FG4","none","adult","VOF",20.5955334987593
"JH22/JH22_150227_time_01_2","lh","FG2-mid","FG4","none","adult","IFOF",0
"JH22/JH22_150227_time_01_2","lh","FG2-mid","FG4","none","adult","ILF",13.4897360703812
"JH22/JH22_150227_time_01_2","lh","FG2-mid","FG4","none","adult","AF",0.879765395894428
"JH22/JH22_150227_time_01_2","lh","FG2-mid","FG4","none","adult","pAF",4.10557184750733
"JH22/JH22_150227_time_01_2","lh","FG2-mid","FG4","none","adult","VOF",79.1788856304985
"MJW22/MJW22_150415_time_01_1","lh","FG2-mid","FG4","none","adult","IFOF",0
"MJW22/MJW22_150415_time_01_1","lh","FG2-mid","FG4","none","adult","ILF",56.5891472868217
"MJW22/MJW22_150415_time_01_1","lh","FG2-mid","FG4","none","adult","AF",0.775193798449612
"MJW22/MJW22_150415_time_01_1","lh","FG2-mid","FG4","none","adult","pAF",0
"MJW22/MJW22_150415_time_01_1","lh","FG2-mid","FG4","none","adult","VOF",42.6356589147287
"NAV22/NAV22_150329_time_01_1","lh","FG2-mid","FG4","none","adult","IFOF",0.550964187327824
"NAV22/NAV22_150329_time_01_1","lh","FG2-mid","FG4","none","adult","ILF",2.75482093663912
"NAV22/NAV22_150329_time_01_1","lh","FG2-mid","FG4","none","adult","AF",0.275482093663912
"NAV22/NAV22_150329_time_01_1","lh","FG2-mid","FG4","none","adult","pAF",12.6721763085399
"NAV22/NAV22_150329_time_01_1","lh","FG2-mid","FG4","none","adult","VOF",81.267217630854
"ML23/ML23_150314_time_01_1","lh","FG2-mid","FG4","none","adult","IFOF",0.512820512820513
"ML23/ML23_150314_time_01_1","lh","FG2-mid","FG4","none","adult","ILF",12.8205128205128
"ML23/ML23_150314_time_01_1","lh","FG2-mid","FG4","none","adult","AF",3.58974358974359
"ML23/ML23_150314_time_01_1","lh","FG2-mid","FG4","none","adult","pAF",22.0512820512821
"ML23/ML23_150314_time_01_1","lh","FG2-mid","FG4","none","adult","VOF",60.5128205128205
"EA23/EA23_150208_time_01_1","lh","FG2-mid","FG4","none","adult","IFOF",0.591715976331361
"EA23/EA23_150208_time_01_1","lh","FG2-mid","FG4","none","adult","ILF",4.14201183431953
"EA23/EA23_150208_time_01_1","lh","FG2-mid","FG4","none","adult","AF",13.6094674556213
"EA23/EA23_150208_time_01_1","lh","FG2-mid","FG4","none","adult","pAF",43.7869822485207
"EA23/EA23_150208_time_01_1","lh","FG2-mid","FG4","none","adult","VOF",33.7278106508876
"JEW23/JEW23_150322_time_01_1","lh","FG2-mid","FG4","none","adult","IFOF",1.30293159609121
"JEW23/JEW23_150322_time_01_1","lh","FG2-mid","FG4","none","adult","ILF",2.28013029315961
"JEW23/JEW23_150322_time_01_1","lh","FG2-mid","FG4","none","adult","AF",0.325732899022801
"JEW23/JEW23_150322_time_01_1","lh","FG2-mid","FG4","none","adult","pAF",14.0065146579805
"JEW23/JEW23_150322_time_01_1","lh","FG2-mid","FG4","none","adult","VOF",81.4332247557003
"GB23/GB23_150301_time_01_1","lh","FG2-mid","FG4","none","adult","IFOF",0
"GB23/GB23_150301_time_01_1","lh","FG2-mid","FG4","none","adult","ILF",36.1290322580645
"GB23/GB23_150301_time_01_1","lh","FG2-mid","FG4","none","adult","AF",0
"GB23/GB23_150301_time_01_1","lh","FG2-mid","FG4","none","adult","pAF",0
"GB23/GB23_150301_time_01_1","lh","FG2-mid","FG4","none","adult","VOF",63.2258064516129
"JP23/JP23_150210_time_01_2","lh","FG2-mid","FG4","none","adult","IFOF",0.324675324675325
"JP23/JP23_150210_time_01_2","lh","FG2-mid","FG4","none","adult","ILF",7.79220779220779
"JP23/JP23_150210_time_01_2","lh","FG2-mid","FG4","none","adult","AF",3.8961038961039
"JP23/JP23_150210_time_01_2","lh","FG2-mid","FG4","none","adult","pAF",51.2987012987013
"JP23/JP23_150210_time_01_2","lh","FG2-mid","FG4","none","adult","VOF",31.8181818181818
"SL23/SL23_150321_time_01_1","lh","FG2-mid","FG4","none","adult","IFOF",0
"SL23/SL23_150321_time_01_1","lh","FG2-mid","FG4","none","adult","ILF",13.4199134199134
"SL23/SL23_150321_time_01_1","lh","FG2-mid","FG4","none","adult","AF",25.5411255411255
"SL23/SL23_150321_time_01_1","lh","FG2-mid","FG4","none","adult","pAF",51.0822510822511
"SL23/SL23_150321_time_01_1","lh","FG2-mid","FG4","none","adult","VOF",8.65800865800866
"MW23/MW23_140720_time_01_1","lh","FG2-mid","FG4","none","adult","IFOF",0
"MW23/MW23_140720_time_01_1","lh","FG2-mid","FG4","none","adult","ILF",5.55555555555556
"MW23/MW23_140720_time_01_1","lh","FG2-mid","FG4","none","adult","AF",5.15873015873016
"MW23/MW23_140720_time_01_1","lh","FG2-mid","FG4","none","adult","pAF",53.968253968254
"MW23/MW23_140720_time_01_1","lh","FG2-mid","FG4","none","adult","VOF",29.7619047619048
"LB23/LB23_140706_time_01_1","lh","FG2-mid","FG4","none","adult","IFOF",0
"LB23/LB23_140706_time_01_1","lh","FG2-mid","FG4","none","adult","ILF",6.10997963340122
"LB23/LB23_140706_time_01_1","lh","FG2-mid","FG4","none","adult","AF",2.64765784114053
"LB23/LB23_140706_time_01_1","lh","FG2-mid","FG4","none","adult","pAF",44.3991853360489
"LB23/LB23_140706_time_01_1","lh","FG2-mid","FG4","none","adult","VOF",38.9002036659878
"MBA24/MBA24_150227_time_01_1","lh","FG2-mid","FG4","none","adult","IFOF",0
"MBA24/MBA24_150227_time_01_1","lh","FG2-mid","FG4","none","adult","ILF",10.6741573033708
"MBA24/MBA24_150227_time_01_1","lh","FG2-mid","FG4","none","adult","AF",0.561797752808989
"MBA24/MBA24_150227_time_01_1","lh","FG2-mid","FG4","none","adult","pAF",2.24719101123596
"MBA24/MBA24_150227_time_01_1","lh","FG2-mid","FG4","none","adult","VOF",82.0224719101124
"TL24/TL24_150310_time_01_1","lh","FG2-mid","FG4","none","adult","IFOF",1.37795275590551
"TL24/TL24_150310_time_01_1","lh","FG2-mid","FG4","none","adult","ILF",5.51181102362205
"TL24/TL24_150310_time_01_1","lh","FG2-mid","FG4","none","adult","AF",15.5511811023622
"TL24/TL24_150310_time_01_1","lh","FG2-mid","FG4","none","adult","pAF",55.9055118110236
"TL24/TL24_150310_time_01_1","lh","FG2-mid","FG4","none","adult","VOF",13.7795275590551
"JG24/JG24_140117_time_01_1","lh","FG2-mid","FG4","none","adult","IFOF",1.60771704180064
"JG24/JG24_140117_time_01_1","lh","FG2-mid","FG4","none","adult","ILF",6.7524115755627
"JG24/JG24_140117_time_01_1","lh","FG2-mid","FG4","none","adult","AF",1.60771704180064
"JG24/JG24_140117_time_01_1","lh","FG2-mid","FG4","none","adult","pAF",26.0450160771704
"JG24/JG24_140117_time_01_1","lh","FG2-mid","FG4","none","adult","VOF",62.379421221865
"AMWS24/AMWS24_140611_time_01_1","lh","FG2-mid","FG4","none","adult","IFOF",0
"AMWS24/AMWS24_140611_time_01_1","lh","FG2-mid","FG4","none","adult","ILF",24.6575342465753
"AMWS24/AMWS24_140611_time_01_1","lh","FG2-mid","FG4","none","adult","AF",4.10958904109589
"AMWS24/AMWS24_140611_time_01_1","lh","FG2-mid","FG4","none","adult","pAF",20.5479452054795
"AMWS24/AMWS24_140611_time_01_1","lh","FG2-mid","FG4","none","adult","VOF",49.3150684931507
"BM24/BM24_150726_time_01_1","lh","FG2-mid","FG4","none","adult","IFOF",0.714285714285714
"BM24/BM24_150726_time_01_1","lh","FG2-mid","FG4","none","adult","ILF",13.9285714285714
"BM24/BM24_150726_time_01_1","lh","FG2-mid","FG4","none","adult","AF",12.8571428571429
"BM24/BM24_150726_time_01_1","lh","FG2-mid","FG4","none","adult","pAF",61.0714285714286
"BM24/BM24_150726_time_01_1","lh","FG2-mid","FG4","none","adult","VOF",10.3571428571429
"NC24/NC24_150321_time_01_1","lh","FG2-mid","FG4","none","adult","IFOF",0
"NC24/NC24_150321_time_01_1","lh","FG2-mid","FG4","none","adult","ILF",12.3123123123123
"NC24/NC24_150321_time_01_1","lh","FG2-mid","FG4","none","adult","AF",25.5255255255255
"NC24/NC24_150321_time_01_1","lh","FG2-mid","FG4","none","adult","pAF",60.0600600600601
"NC24/NC24_150321_time_01_1","lh","FG2-mid","FG4","none","adult","VOF",0
"CB24/CB24_151102_time_01_1","lh","FG2-mid","FG4","none","adult","IFOF",0
"CB24/CB24_151102_time_01_1","lh","FG2-mid","FG4","none","adult","ILF",3.8560411311054
"CB24/CB24_151102_time_01_1","lh","FG2-mid","FG4","none","adult","AF",23.3933161953728
"CB24/CB24_151102_time_01_1","lh","FG2-mid","FG4","none","adult","pAF",38.560411311054
"CB24/CB24_151102_time_01_1","lh","FG2-mid","FG4","none","adult","VOF",27.7634961439589
"CR24/CR24_150307_time_01_1","lh","FG2-mid","FG4","none","adult","IFOF",1.48148148148148
"CR24/CR24_150307_time_01_1","lh","FG2-mid","FG4","none","adult","ILF",18.5185185185185
"CR24/CR24_150307_time_01_1","lh","FG2-mid","FG4","none","adult","AF",4.44444444444444
"CR24/CR24_150307_time_01_1","lh","FG2-mid","FG4","none","adult","pAF",15.5555555555556
"CR24/CR24_150307_time_01_1","lh","FG2-mid","FG4","none","adult","VOF",47.4074074074074
"AI24/AI24_150309_time_01_1","lh","FG2-mid","FG4","none","adult","IFOF",0
"AI24/AI24_150309_time_01_1","lh","FG2-mid","FG4","none","adult","ILF",27.710843373494
"AI24/AI24_150309_time_01_1","lh","FG2-mid","FG4","none","adult","AF",15.6626506024096
"AI24/AI24_150309_time_01_1","lh","FG2-mid","FG4","none","adult","pAF",55.421686746988
"AI24/AI24_150309_time_01_1","lh","FG2-mid","FG4","none","adult","VOF",0
"AD25/AD25_150226_time_01_1","lh","FG2-mid","FG4","none","adult","IFOF",0.606060606060606
"AD25/AD25_150226_time_01_1","lh","FG2-mid","FG4","none","adult","ILF",7.57575757575758
"AD25/AD25_150226_time_01_1","lh","FG2-mid","FG4","none","adult","AF",8.48484848484849
"AD25/AD25_150226_time_01_1","lh","FG2-mid","FG4","none","adult","pAF",52.1212121212121
"AD25/AD25_150226_time_01_1","lh","FG2-mid","FG4","none","adult","VOF",26.969696969697
"JM25/JM25_150324_time_01_1","lh","FG2-mid","FG4","none","adult","IFOF",0.66079295154185
"JM25/JM25_150324_time_01_1","lh","FG2-mid","FG4","none","adult","ILF",3.52422907488987
"JM25/JM25_150324_time_01_1","lh","FG2-mid","FG4","none","adult","AF",6.38766519823788
"JM25/JM25_150324_time_01_1","lh","FG2-mid","FG4","none","adult","pAF",52.2026431718062
"JM25/JM25_150324_time_01_1","lh","FG2-mid","FG4","none","adult","VOF",35.9030837004405
"MB26/MB26_150426_time_01_1","lh","FG2-mid","FG4","none","adult","IFOF",0.689655172413793
"MB26/MB26_150426_time_01_1","lh","FG2-mid","FG4","none","adult","ILF",11.7241379310345
"MB26/MB26_150426_time_01_1","lh","FG2-mid","FG4","none","adult","AF",28.9655172413793
"MB26/MB26_150426_time_01_1","lh","FG2-mid","FG4","none","adult","pAF",57.2413793103448
"MB26/MB26_150426_time_01_1","lh","FG2-mid","FG4","none","adult","VOF",0.689655172413793
"MC26/MC26_150211_time_01_1","lh","FG2-mid","FG4","none","adult","IFOF",1.5625
"MC26/MC26_150211_time_01_1","lh","FG2-mid","FG4","none","adult","ILF",23.4375
"MC26/MC26_150211_time_01_1","lh","FG2-mid","FG4","none","adult","AF",3.125
"MC26/MC26_150211_time_01_1","lh","FG2-mid","FG4","none","adult","pAF",34.375
"MC26/MC26_150211_time_01_1","lh","FG2-mid","FG4","none","adult","VOF",37.5
"MMC27/MMC27_150321_time_01_1","lh","FG2-mid","FG4","none","adult","IFOF",0
"MMC27/MMC27_150321_time_01_1","lh","FG2-mid","FG4","none","adult","ILF",9.58904109589041
"MMC27/MMC27_150321_time_01_1","lh","FG2-mid","FG4","none","adult","AF",0
"MMC27/MMC27_150321_time_01_1","lh","FG2-mid","FG4","none","adult","pAF",2.73972602739726
"MMC27/MMC27_150321_time_01_1","lh","FG2-mid","FG4","none","adult","VOF",87.6712328767123
"MSH28/MSH28_150401_time_01_1","lh","FG2-mid","FG4","none","adult","IFOF",1
"MSH28/MSH28_150401_time_01_1","lh","FG2-mid","FG4","none","adult","ILF",19
"MSH28/MSH28_150401_time_01_1","lh","FG2-mid","FG4","none","adult","AF",25
"MSH28/MSH28_150401_time_01_1","lh","FG2-mid","FG4","none","adult","pAF",48
"MSH28/MSH28_150401_time_01_1","lh","FG2-mid","FG4","none","adult","VOF",4
"ZCM05","lh","FG2-mid","FG4","none","kid","IFOF",0
"ZCM05","lh","FG2-mid","FG4","none","kid","ILF",8.51063829787234
"ZCM05","lh","FG2-mid","FG4","none","kid","AF",2.12765957446809
"ZCM05","lh","FG2-mid","FG4","none","kid","pAF",4.25531914893617
"ZCM05","lh","FG2-mid","FG4","none","kid","VOF",85.1063829787234
"MEC05","lh","FG2-mid","FG4","none","kid","IFOF",0
"MEC05","lh","FG2-mid","FG4","none","kid","ILF",3.48837209302326
"MEC05","lh","FG2-mid","FG4","none","kid","AF",2.90697674418605
"MEC05","lh","FG2-mid","FG4","none","kid","pAF",36.6279069767442
"MEC05","lh","FG2-mid","FG4","none","kid","VOF",54.6511627906977
"RHSA06","lh","FG2-mid","FG4","none","kid","IFOF",0
"RHSA06","lh","FG2-mid","FG4","none","kid","ILF",6.30252100840336
"RHSA06","lh","FG2-mid","FG4","none","kid","AF",0
"RHSA06","lh","FG2-mid","FG4","none","kid","pAF",29.8319327731092
"RHSA06","lh","FG2-mid","FG4","none","kid","VOF",63.4453781512605
"INW06","lh","FG2-mid","FG4","none","kid","IFOF",0
"INW06","lh","FG2-mid","FG4","none","kid","ILF",7.48201438848921
"INW06","lh","FG2-mid","FG4","none","kid","AF",12.3741007194245
"INW06","lh","FG2-mid","FG4","none","kid","pAF",66.1870503597122
"INW06","lh","FG2-mid","FG4","none","kid","VOF",13.2374100719424
"AlS07","lh","FG2-mid","FG4","none","kid","IFOF",0.137931034482759
"AlS07","lh","FG2-mid","FG4","none","kid","ILF",2.75862068965517
"AlS07","lh","FG2-mid","FG4","none","kid","AF",4
"AlS07","lh","FG2-mid","FG4","none","kid","pAF",48.6896551724138
"AlS07","lh","FG2-mid","FG4","none","kid","VOF",44.1379310344828
"SDS07","lh","FG2-mid","FG4","none","kid","IFOF",0.332225913621262
"SDS07","lh","FG2-mid","FG4","none","kid","ILF",5.64784053156146
"SDS07","lh","FG2-mid","FG4","none","kid","AF",25.9136212624585
"SDS07","lh","FG2-mid","FG4","none","kid","pAF",68.1063122923588
"SDS07","lh","FG2-mid","FG4","none","kid","VOF",0
"SM08","lh","FG2-mid","FG4","none","kid","IFOF",0
"SM08","lh","FG2-mid","FG4","none","kid","ILF",4.23666910153397
"SM08","lh","FG2-mid","FG4","none","kid","AF",1.02264426588751
"SM08","lh","FG2-mid","FG4","none","kid","pAF",22.0598977355734
"SM08","lh","FG2-mid","FG4","none","kid","VOF",71.0737764791819
"MDT09","lh","FG2-mid","FG4","none","kid","IFOF",0
"MDT09","lh","FG2-mid","FG4","none","kid","ILF",42.6666666666667
"MDT09","lh","FG2-mid","FG4","none","kid","AF",0
"MDT09","lh","FG2-mid","FG4","none","kid","pAF",2.66666666666667
"MDT09","lh","FG2-mid","FG4","none","kid","VOF",53.3333333333333
"LEE09","lh","FG2-mid","FG4","none","kid","IFOF",0
"LEE09","lh","FG2-mid","FG4","none","kid","ILF",1.47991543340381
"LEE09","lh","FG2-mid","FG4","none","kid","AF",7.18816067653277
"LEE09","lh","FG2-mid","FG4","none","kid","pAF",57.9281183932347
"LEE09","lh","FG2-mid","FG4","none","kid","VOF",33.1923890063425
"GEJA09","lh","FG2-mid","FG4","none","kid","IFOF",0
"GEJA09","lh","FG2-mid","FG4","none","kid","ILF",15.9574468085106
"GEJA09","lh","FG2-mid","FG4","none","kid","AF",0
"GEJA09","lh","FG2-mid","FG4","none","kid","pAF",29.4326241134752
"GEJA09","lh","FG2-mid","FG4","none","kid","VOF",50
"DAPA10","lh","FG2-mid","FG4","none","kid","IFOF",0
"DAPA10","lh","FG2-mid","FG4","none","kid","ILF",11.2033195020747
"DAPA10","lh","FG2-mid","FG4","none","kid","AF",13.0705394190871
"DAPA10","lh","FG2-mid","FG4","none","kid","pAF",74.896265560166
"DAPA10","lh","FG2-mid","FG4","none","kid","VOF",0
"AG10","lh","FG2-mid","FG4","none","kid","IFOF",0
"AG10","lh","FG2-mid","FG4","none","kid","ILF",10.1190476190476
"AG10","lh","FG2-mid","FG4","none","kid","AF",0.595238095238095
"AG10","lh","FG2-mid","FG4","none","kid","pAF",19.6428571428571
"AG10","lh","FG2-mid","FG4","none","kid","VOF",69.6428571428571
"STM10","lh","FG2-mid","FG4","none","kid","IFOF",0
"STM10","lh","FG2-mid","FG4","none","kid","ILF",9.2896174863388
"STM10","lh","FG2-mid","FG4","none","kid","AF",4.37158469945355
"STM10","lh","FG2-mid","FG4","none","kid","pAF",36.6120218579235
"STM10","lh","FG2-mid","FG4","none","kid","VOF",49.7267759562842
"SERA10","lh","FG2-mid","FG4","none","kid","IFOF",0
"SERA10","lh","FG2-mid","FG4","none","kid","ILF",2.60521042084168
"SERA10","lh","FG2-mid","FG4","none","kid","AF",1.80360721442886
"SERA10","lh","FG2-mid","FG4","none","kid","pAF",29.8597194388778
"SERA10","lh","FG2-mid","FG4","none","kid","VOF",65.3306613226453
"KW10","lh","FG2-mid","FG4","none","kid","IFOF",0
"KW10","lh","FG2-mid","FG4","none","kid","ILF",10.1449275362319
"KW10","lh","FG2-mid","FG4","none","kid","AF",0
"KW10","lh","FG2-mid","FG4","none","kid","pAF",27.536231884058
"KW10","lh","FG2-mid","FG4","none","kid","VOF",62.3188405797101
"NW10","lh","FG2-mid","FG4","none","kid","IFOF",0.423728813559322
"NW10","lh","FG2-mid","FG4","none","kid","ILF",10.5932203389831
"NW10","lh","FG2-mid","FG4","none","kid","AF",12.2881355932203
"NW10","lh","FG2-mid","FG4","none","kid","pAF",69.4915254237288
"NW10","lh","FG2-mid","FG4","none","kid","VOF",6.77966101694915
"RJM10","lh","FG2-mid","FG4","none","kid","IFOF",0
"RJM10","lh","FG2-mid","FG4","none","kid","ILF",39.1304347826087
"RJM10","lh","FG2-mid","FG4","none","kid","AF",2.89855072463768
"RJM10","lh","FG2-mid","FG4","none","kid","pAF",43.4782608695652
"RJM10","lh","FG2-mid","FG4","none","kid","VOF",14.4927536231884
"AyS10","lh","FG2-mid","FG4","none","kid","IFOF",0.255754475703325
"AyS10","lh","FG2-mid","FG4","none","kid","ILF",6.39386189258312
"AyS10","lh","FG2-mid","FG4","none","kid","AF",21.4833759590793
"AyS10","lh","FG2-mid","FG4","none","kid","pAF",53.7084398976982
"AyS10","lh","FG2-mid","FG4","none","kid","VOF",17.6470588235294
"CGSA11","lh","FG2-mid","FG4","none","kid","IFOF",0
"CGSA11","lh","FG2-mid","FG4","none","kid","ILF",6.90476190476191
"CGSA11","lh","FG2-mid","FG4","none","kid","AF",1.66666666666667
"CGSA11","lh","FG2-mid","FG4","none","kid","pAF",28.0952380952381
"CGSA11","lh","FG2-mid","FG4","none","kid","VOF",58.8095238095238
"MFC11","lh","FG2-mid","FG4","none","kid","IFOF",0.769230769230769
"MFC11","lh","FG2-mid","FG4","none","kid","ILF",6.92307692307692
"MFC11","lh","FG2-mid","FG4","none","kid","AF",2.30769230769231
"MFC11","lh","FG2-mid","FG4","none","kid","pAF",16.1538461538462
"MFC11","lh","FG2-mid","FG4","none","kid","VOF",72.3076923076923
"JTE11","lh","FG2-mid","FG4","none","kid","IFOF",0.20746887966805
"JTE11","lh","FG2-mid","FG4","none","kid","ILF",1.03734439834025
"JTE11","lh","FG2-mid","FG4","none","kid","AF",8.09128630705394
"JTE11","lh","FG2-mid","FG4","none","kid","pAF",84.4398340248963
"JTE11","lh","FG2-mid","FG4","none","kid","VOF",5.80912863070539
"JDB11","lh","FG2-mid","FG4","none","kid","IFOF",0.671140939597315
"JDB11","lh","FG2-mid","FG4","none","kid","ILF",4.47427293064877
"JDB11","lh","FG2-mid","FG4","none","kid","AF",22.8187919463087
"JDB11","lh","FG2-mid","FG4","none","kid","pAF",69.5749440715884
"JDB11","lh","FG2-mid","FG4","none","kid","VOF",1.56599552572707
"LL11","lh","FG2-mid","FG4","none","kid","IFOF",0
"LL11","lh","FG2-mid","FG4","none","kid","ILF",4.59183673469388
"LL11","lh","FG2-mid","FG4","none","kid","AF",0.510204081632653
"LL11","lh","FG2-mid","FG4","none","kid","pAF",4.08163265306122
"LL11","lh","FG2-mid","FG4","none","kid","VOF",88.7755102040816
"CS11","lh","FG2-mid","FG4","none","kid","IFOF",0
"CS11","lh","FG2-mid","FG4","none","kid","ILF",2.60047281323877
"CS11","lh","FG2-mid","FG4","none","kid","AF",0
"CS11","lh","FG2-mid","FG4","none","kid","pAF",44.6808510638298
"CS11","lh","FG2-mid","FG4","none","kid","VOF",51.063829787234
"OS12","lh","FG2-mid","FG4","none","kid","IFOF",0
"OS12","lh","FG2-mid","FG4","none","kid","ILF",5.41044776119403
"OS12","lh","FG2-mid","FG4","none","kid","AF",16.9776119402985
"OS12","lh","FG2-mid","FG4","none","kid","pAF",44.4029850746269
"OS12","lh","FG2-mid","FG4","none","kid","VOF",32.5559701492537
"CLC06","lh","FG2-mid","FG4","none","kid","IFOF",0
"CLC06","lh","FG2-mid","FG4","none","kid","ILF",3.57142857142857
"CLC06","lh","FG2-mid","FG4","none","kid","AF",0
"CLC06","lh","FG2-mid","FG4","none","kid","pAF",4.76190476190476
"CLC06","lh","FG2-mid","FG4","none","kid","VOF",88.0952380952381
"RJ09","lh","FG2-mid","FG4","none","kid","IFOF",0
"RJ09","lh","FG2-mid","FG4","none","kid","ILF",10.3092783505155
"RJ09","lh","FG2-mid","FG4","none","kid","AF",0.515463917525773
"RJ09","lh","FG2-mid","FG4","none","kid","pAF",5.92783505154639
"RJ09","lh","FG2-mid","FG4","none","kid","VOF",79.1237113402062
"KG22/KG22_150201_time_01_1","lh","FG4-ant","FG4","none","adult","IFOF",0
"KG22/KG22_150201_time_01_1","lh","FG4-ant","FG4","none","adult","ILF",19.2405063291139
"KG22/KG22_150201_time_01_1","lh","FG4-ant","FG4","none","adult","AF",18.4810126582279
"KG22/KG22_150201_time_01_1","lh","FG4-ant","FG4","none","adult","pAF",62.2784810126582
"KG22/KG22_150201_time_01_1","lh","FG4-ant","FG4","none","adult","VOF",0
"CS22/CS22_150322_time_01_1","lh","FG4-ant","FG4","none","adult","IFOF",0
"CS22/CS22_150322_time_01_1","lh","FG4-ant","FG4","none","adult","ILF",8.88429752066116
"CS22/CS22_150322_time_01_1","lh","FG4-ant","FG4","none","adult","AF",30.9917355371901
"CS22/CS22_150322_time_01_1","lh","FG4-ant","FG4","none","adult","pAF",60.1239669421488
"CS22/CS22_150322_time_01_1","lh","FG4-ant","FG4","none","adult","VOF",0
"JH22/JH22_150227_time_01_2","lh","FG4-ant","FG4","none","adult","IFOF",0
"JH22/JH22_150227_time_01_2","lh","FG4-ant","FG4","none","adult","ILF",19.1238416175232
"JH22/JH22_150227_time_01_2","lh","FG4-ant","FG4","none","adult","AF",38.921651221567
"JH22/JH22_150227_time_01_2","lh","FG4-ant","FG4","none","adult","pAF",41.9545071609099
"JH22/JH22_150227_time_01_2","lh","FG4-ant","FG4","none","adult","VOF",0
"MJW22/MJW22_150415_time_01_1","lh","FG4-ant","FG4","none","adult","IFOF",0
"MJW22/MJW22_150415_time_01_1","lh","FG4-ant","FG4","none","adult","ILF",13.3858267716535
"MJW22/MJW22_150415_time_01_1","lh","FG4-ant","FG4","none","adult","AF",29.9212598425197
"MJW22/MJW22_150415_time_01_1","lh","FG4-ant","FG4","none","adult","pAF",56.6929133858268
"MJW22/MJW22_150415_time_01_1","lh","FG4-ant","FG4","none","adult","VOF",0
"NAV22/NAV22_150329_time_01_1","lh","FG4-ant","FG4","none","adult","IFOF",0
"NAV22/NAV22_150329_time_01_1","lh","FG4-ant","FG4","none","adult","ILF",0.383386581469649
"NAV22/NAV22_150329_time_01_1","lh","FG4-ant","FG4","none","adult","AF",19.6805111821086
"NAV22/NAV22_150329_time_01_1","lh","FG4-ant","FG4","none","adult","pAF",79.8722044728434
"NAV22/NAV22_150329_time_01_1","lh","FG4-ant","FG4","none","adult","VOF",0
"ML23/ML23_150314_time_01_1","lh","FG4-ant","FG4","none","adult","IFOF",0
"ML23/ML23_150314_time_01_1","lh","FG4-ant","FG4","none","adult","ILF",21.5686274509804
"ML23/ML23_150314_time_01_1","lh","FG4-ant","FG4","none","adult","AF",25
"ML23/ML23_150314_time_01_1","lh","FG4-ant","FG4","none","adult","pAF",53.4313725490196
"ML23/ML23_150314_time_01_1","lh","FG4-ant","FG4","none","adult","VOF",0
"EA23/EA23_150208_time_01_1","lh","FG4-ant","FG4","none","adult","IFOF",0
"EA23/EA23_150208_time_01_1","lh","FG4-ant","FG4","none","adult","ILF",5.15970515970516
"EA23/EA23_150208_time_01_1","lh","FG4-ant","FG4","none","adult","AF",33.4152334152334
"EA23/EA23_150208_time_01_1","lh","FG4-ant","FG4","none","adult","pAF",60.9336609336609
"EA23/EA23_150208_time_01_1","lh","FG4-ant","FG4","none","adult","VOF",0
"JEW23/JEW23_150322_time_01_1","lh","FG4-ant","FG4","none","adult","IFOF",0
"JEW23/JEW23_150322_time_01_1","lh","FG4-ant","FG4","none","adult","ILF",21.3507625272331
"JEW23/JEW23_150322_time_01_1","lh","FG4-ant","FG4","none","adult","AF",35.7298474945534
"JEW23/JEW23_150322_time_01_1","lh","FG4-ant","FG4","none","adult","pAF",42.9193899782135
"JEW23/JEW23_150322_time_01_1","lh","FG4-ant","FG4","none","adult","VOF",0
"GB23/GB23_150301_time_01_1","lh","FG4-ant","FG4","none","adult","IFOF",0
"GB23/GB23_150301_time_01_1","lh","FG4-ant","FG4","none","adult","ILF",1.31826741996234
"GB23/GB23_150301_time_01_1","lh","FG4-ant","FG4","none","adult","AF",10.7344632768362
"GB23/GB23_150301_time_01_1","lh","FG4-ant","FG4","none","adult","pAF",87.9472693032015
"GB23/GB23_150301_time_01_1","lh","FG4-ant","FG4","none","adult","VOF",0
"JP23/JP23_150210_time_01_2","lh","FG4-ant","FG4","none","adult","IFOF",0
"JP23/JP23_150210_time_01_2","lh","FG4-ant","FG4","none","adult","ILF",0
"JP23/JP23_150210_time_01_2","lh","FG4-ant","FG4","none","adult","AF",36.8421052631579
"JP23/JP23_150210_time_01_2","lh","FG4-ant","FG4","none","adult","pAF",63.1578947368421
"JP23/JP23_150210_time_01_2","lh","FG4-ant","FG4","none","adult","VOF",0
"SL23/SL23_150321_time_01_1","lh","FG4-ant","FG4","none","adult","IFOF",0
"SL23/SL23_150321_time_01_1","lh","FG4-ant","FG4","none","adult","ILF",14.7239263803681
"SL23/SL23_150321_time_01_1","lh","FG4-ant","FG4","none","adult","AF",24.5398773006135
"SL23/SL23_150321_time_01_1","lh","FG4-ant","FG4","none","adult","pAF",60.7361963190184
"SL23/SL23_150321_time_01_1","lh","FG4-ant","FG4","none","adult","VOF",0
"MW23/MW23_140720_time_01_1","lh","FG4-ant","FG4","none","adult","IFOF",0
"MW23/MW23_140720_time_01_1","lh","FG4-ant","FG4","none","adult","ILF",25.9259259259259
"MW23/MW23_140720_time_01_1","lh","FG4-ant","FG4","none","adult","AF",19.2592592592593
"MW23/MW23_140720_time_01_1","lh","FG4-ant","FG4","none","adult","pAF",54.8148148148148
"MW23/MW23_140720_time_01_1","lh","FG4-ant","FG4","none","adult","VOF",0
"LB23/LB23_140706_time_01_1","lh","FG4-ant","FG4","none","adult","IFOF",0
"LB23/LB23_140706_time_01_1","lh","FG4-ant","FG4","none","adult","ILF",0
"LB23/LB23_140706_time_01_1","lh","FG4-ant","FG4","none","adult","AF",61.1111111111111
"LB23/LB23_140706_time_01_1","lh","FG4-ant","FG4","none","adult","pAF",38.8888888888889
"LB23/LB23_140706_time_01_1","lh","FG4-ant","FG4","none","adult","VOF",0
"MBA24/MBA24_150227_time_01_1","lh","FG4-ant","FG4","none","adult","IFOF",0
"MBA24/MBA24_150227_time_01_1","lh","FG4-ant","FG4","none","adult","ILF",16.9154228855721
"MBA24/MBA24_150227_time_01_1","lh","FG4-ant","FG4","none","adult","AF",18.407960199005
"MBA24/MBA24_150227_time_01_1","lh","FG4-ant","FG4","none","adult","pAF",64.6766169154229
"MBA24/MBA24_150227_time_01_1","lh","FG4-ant","FG4","none","adult","VOF",0
"TL24/TL24_150310_time_01_1","lh","FG4-ant","FG4","none","adult","IFOF",0
"TL24/TL24_150310_time_01_1","lh","FG4-ant","FG4","none","adult","ILF",8.41346153846154
"TL24/TL24_150310_time_01_1","lh","FG4-ant","FG4","none","adult","AF",31.0096153846154
"TL24/TL24_150310_time_01_1","lh","FG4-ant","FG4","none","adult","pAF",60.3365384615385
"TL24/TL24_150310_time_01_1","lh","FG4-ant","FG4","none","adult","VOF",0
"JG24/JG24_140117_time_01_1","lh","FG4-ant","FG4","none","adult","IFOF",0
"JG24/JG24_140117_time_01_1","lh","FG4-ant","FG4","none","adult","ILF",0
"JG24/JG24_140117_time_01_1","lh","FG4-ant","FG4","none","adult","AF",37.9912663755458
"JG24/JG24_140117_time_01_1","lh","FG4-ant","FG4","none","adult","pAF",62.0087336244542
"JG24/JG24_140117_time_01_1","lh","FG4-ant","FG4","none","adult","VOF",0
"AMWS24/AMWS24_140611_time_01_1","lh","FG4-ant","FG4","none","adult","IFOF",0
"AMWS24/AMWS24_140611_time_01_1","lh","FG4-ant","FG4","none","adult","ILF",1.12359550561798
"AMWS24/AMWS24_140611_time_01_1","lh","FG4-ant","FG4","none","adult","AF",11.7977528089888
"AMWS24/AMWS24_140611_time_01_1","lh","FG4-ant","FG4","none","adult","pAF",87.0786516853933
"AMWS24/AMWS24_140611_time_01_1","lh","FG4-ant","FG4","none","adult","VOF",0
"BM24/BM24_150726_time_01_1","lh","FG4-ant","FG4","none","adult","IFOF",0
"BM24/BM24_150726_time_01_1","lh","FG4-ant","FG4","none","adult","ILF",1.85185185185185
"BM24/BM24_150726_time_01_1","lh","FG4-ant","FG4","none","adult","AF",38.8888888888889
"BM24/BM24_150726_time_01_1","lh","FG4-ant","FG4","none","adult","pAF",59.2592592592593
"BM24/BM24_150726_time_01_1","lh","FG4-ant","FG4","none","adult","VOF",0
"NC24/NC24_150321_time_01_1","lh","FG4-ant","FG4","none","adult","IFOF",0
"NC24/NC24_150321_time_01_1","lh","FG4-ant","FG4","none","adult","ILF",3.48258706467662
"NC24/NC24_150321_time_01_1","lh","FG4-ant","FG4","none","adult","AF",55.7213930348259
"NC24/NC24_150321_time_01_1","lh","FG4-ant","FG4","none","adult","pAF",40.7960199004975
"NC24/NC24_150321_time_01_1","lh","FG4-ant","FG4","none","adult","VOF",0
"CB24/CB24_151102_time_01_1","lh","FG4-ant","FG4","none","adult","IFOF",0
"CB24/CB24_151102_time_01_1","lh","FG4-ant","FG4","none","adult","ILF",2.24719101123596
"CB24/CB24_151102_time_01_1","lh","FG4-ant","FG4","none","adult","AF",25.5216693418941
"CB24/CB24_151102_time_01_1","lh","FG4-ant","FG4","none","adult","pAF",72.23113964687
"CB24/CB24_151102_time_01_1","lh","FG4-ant","FG4","none","adult","VOF",0
"CR24/CR24_150307_time_01_1","lh","FG4-ant","FG4","none","adult","IFOF",0
"CR24/CR24_150307_time_01_1","lh","FG4-ant","FG4","none","adult","ILF",5.97014925373134
"CR24/CR24_150307_time_01_1","lh","FG4-ant","FG4","none","adult","AF",15.6716417910448
"CR24/CR24_150307_time_01_1","lh","FG4-ant","FG4","none","adult","pAF",78.3582089552239
"CR24/CR24_150307_time_01_1","lh","FG4-ant","FG4","none","adult","VOF",0
"AI24/AI24_150309_time_01_1","lh","FG4-ant","FG4","none","adult","IFOF",0
"AI24/AI24_150309_time_01_1","lh","FG4-ant","FG4","none","adult","ILF",0.411522633744856
"AI24/AI24_150309_time_01_1","lh","FG4-ant","FG4","none","adult","AF",17.2839506172839
"AI24/AI24_150309_time_01_1","lh","FG4-ant","FG4","none","adult","pAF",82.3045267489712
"AI24/AI24_150309_time_01_1","lh","FG4-ant","FG4","none","adult","VOF",0
"AD25/AD25_150226_time_01_1","lh","FG4-ant","FG4","none","adult","IFOF",0
"AD25/AD25_150226_time_01_1","lh","FG4-ant","FG4","none","adult","ILF",30.1020408163265
"AD25/AD25_150226_time_01_1","lh","FG4-ant","FG4","none","adult","AF",8.6734693877551
"AD25/AD25_150226_time_01_1","lh","FG4-ant","FG4","none","adult","pAF",60.7142857142857
"AD25/AD25_150226_time_01_1","lh","FG4-ant","FG4","none","adult","VOF",0
"JM25/JM25_150324_time_01_1","lh","FG4-ant","FG4","none","adult","IFOF",0
"JM25/JM25_150324_time_01_1","lh","FG4-ant","FG4","none","adult","ILF",0
"JM25/JM25_150324_time_01_1","lh","FG4-ant","FG4","none","adult","AF",29.5238095238095
"JM25/JM25_150324_time_01_1","lh","FG4-ant","FG4","none","adult","pAF",70.4761904761905
"JM25/JM25_150324_time_01_1","lh","FG4-ant","FG4","none","adult","VOF",0
"MB26/MB26_150426_time_01_1","lh","FG4-ant","FG4","none","adult","IFOF",0
"MB26/MB26_150426_time_01_1","lh","FG4-ant","FG4","none","adult","ILF",6.1787072243346
"MB26/MB26_150426_time_01_1","lh","FG4-ant","FG4","none","adult","AF",38.8783269961977
"MB26/MB26_150426_time_01_1","lh","FG4-ant","FG4","none","adult","pAF",54.7528517110266
"MB26/MB26_150426_time_01_1","lh","FG4-ant","FG4","none","adult","VOF",0
"MC26/MC26_150211_time_01_1","lh","FG4-ant","FG4","none","adult","IFOF",0
"MC26/MC26_150211_time_01_1","lh","FG4-ant","FG4","none","adult","ILF",0
"MC26/MC26_150211_time_01_1","lh","FG4-ant","FG4","none","adult","AF",47.3684210526316
"MC26/MC26_150211_time_01_1","lh","FG4-ant","FG4","none","adult","pAF",52.6315789473684
"MC26/MC26_150211_time_01_1","lh","FG4-ant","FG4","none","adult","VOF",0
"MMC27/MMC27_150321_time_01_1","lh","FG4-ant","FG4","none","adult","IFOF",0
"MMC27/MMC27_150321_time_01_1","lh","FG4-ant","FG4","none","adult","ILF",7.8125
"MMC27/MMC27_150321_time_01_1","lh","FG4-ant","FG4","none","adult","AF",20.3125
"MMC27/MMC27_150321_time_01_1","lh","FG4-ant","FG4","none","adult","pAF",71.875
"MMC27/MMC27_150321_time_01_1","lh","FG4-ant","FG4","none","adult","VOF",0
"MSH28/MSH28_150401_time_01_1","lh","FG4-ant","FG4","none","adult","IFOF",0
"MSH28/MSH28_150401_time_01_1","lh","FG4-ant","FG4","none","adult","ILF",2.71356783919598
"MSH28/MSH28_150401_time_01_1","lh","FG4-ant","FG4","none","adult","AF",45.0251256281407
"MSH28/MSH28_150401_time_01_1","lh","FG4-ant","FG4","none","adult","pAF",52.2613065326633
"MSH28/MSH28_150401_time_01_1","lh","FG4-ant","FG4","none","adult","VOF",0
"ZCM05","lh","FG4-ant","FG4","none","kid","IFOF",0
"ZCM05","lh","FG4-ant","FG4","none","kid","ILF",4.19512195121951
"ZCM05","lh","FG4-ant","FG4","none","kid","AF",16.4878048780488
"ZCM05","lh","FG4-ant","FG4","none","kid","pAF",79.3170731707317
"ZCM05","lh","FG4-ant","FG4","none","kid","VOF",0
"MEC05","lh","FG4-ant","FG4","none","kid","IFOF",0
"MEC05","lh","FG4-ant","FG4","none","kid","ILF",0
"MEC05","lh","FG4-ant","FG4","none","kid","AF",10.6290672451193
"MEC05","lh","FG4-ant","FG4","none","kid","pAF",89.3709327548807
"MEC05","lh","FG4-ant","FG4","none","kid","VOF",0
"RHSA06","lh","FG4-ant","FG4","none","kid","IFOF",0
"RHSA06","lh","FG4-ant","FG4","none","kid","ILF",2.77536860364267
"RHSA06","lh","FG4-ant","FG4","none","kid","AF",23.0268863833478
"RHSA06","lh","FG4-ant","FG4","none","kid","pAF",74.1977450130095
"RHSA06","lh","FG4-ant","FG4","none","kid","VOF",0
"INW06","lh","FG4-ant","FG4","none","kid","IFOF",0
"INW06","lh","FG4-ant","FG4","none","kid","ILF",8.96739130434783
"INW06","lh","FG4-ant","FG4","none","kid","AF",19.0217391304348
"INW06","lh","FG4-ant","FG4","none","kid","pAF",72.0108695652174
"INW06","lh","FG4-ant","FG4","none","kid","VOF",0
"AlS07","lh","FG4-ant","FG4","none","kid","IFOF",0
"AlS07","lh","FG4-ant","FG4","none","kid","ILF",4.20006412311638
"AlS07","lh","FG4-ant","FG4","none","kid","AF",22.9881372234691
"AlS07","lh","FG4-ant","FG4","none","kid","pAF",72.8117986534146
"AlS07","lh","FG4-ant","FG4","none","kid","VOF",0
"SDS07","lh","FG4-ant","FG4","none","kid","IFOF",0
"SDS07","lh","FG4-ant","FG4","none","kid","ILF",1.96335078534031
"SDS07","lh","FG4-ant","FG4","none","kid","AF",8.90052356020942
"SDS07","lh","FG4-ant","FG4","none","kid","pAF",89.1361256544503
"SDS07","lh","FG4-ant","FG4","none","kid","VOF",0
"SM08","lh","FG4-ant","FG4","none","kid","IFOF",0
"SM08","lh","FG4-ant","FG4","none","kid","ILF",0
"SM08","lh","FG4-ant","FG4","none","kid","AF",21.6494845360825
"SM08","lh","FG4-ant","FG4","none","kid","pAF",78.3505154639175
"SM08","lh","FG4-ant","FG4","none","kid","VOF",0
"MDT09","lh","FG4-ant","FG4","none","kid","IFOF",0
"MDT09","lh","FG4-ant","FG4","none","kid","ILF",17.9802955665025
"MDT09","lh","FG4-ant","FG4","none","kid","AF",20.6896551724138
"MDT09","lh","FG4-ant","FG4","none","kid","pAF",61.3300492610837
"MDT09","lh","FG4-ant","FG4","none","kid","VOF",0
"LEE09","lh","FG4-ant","FG4","none","kid","IFOF",0
"LEE09","lh","FG4-ant","FG4","none","kid","ILF",0.22271714922049
"LEE09","lh","FG4-ant","FG4","none","kid","AF",11.358574610245
"LEE09","lh","FG4-ant","FG4","none","kid","pAF",88.4187082405345
"LEE09","lh","FG4-ant","FG4","none","kid","VOF",0
"GEJA09","lh","FG4-ant","FG4","none","kid","IFOF",0
"GEJA09","lh","FG4-ant","FG4","none","kid","ILF",13.4179510426111
"GEJA09","lh","FG4-ant","FG4","none","kid","AF",25.4759746146872
"GEJA09","lh","FG4-ant","FG4","none","kid","pAF",61.0154125113327
"GEJA09","lh","FG4-ant","FG4","none","kid","VOF",0
"DAPA10","lh","FG4-ant","FG4","none","kid","IFOF",0
"DAPA10","lh","FG4-ant","FG4","none","kid","ILF",15.625
"DAPA10","lh","FG4-ant","FG4","none","kid","AF",43.75
"DAPA10","lh","FG4-ant","FG4","none","kid","pAF",40.625
"DAPA10","lh","FG4-ant","FG4","none","kid","VOF",0
"AG10","lh","FG4-ant","FG4","none","kid","IFOF",0
"AG10","lh","FG4-ant","FG4","none","kid","ILF",0
"AG10","lh","FG4-ant","FG4","none","kid","AF",12
"AG10","lh","FG4-ant","FG4","none","kid","pAF",88
"AG10","lh","FG4-ant","FG4","none","kid","VOF",0
"STM10","lh","FG4-ant","FG4","none","kid","IFOF",0
"STM10","lh","FG4-ant","FG4","none","kid","ILF",0
"STM10","lh","FG4-ant","FG4","none","kid","AF",66.6666666666667
"STM10","lh","FG4-ant","FG4","none","kid","pAF",33.3333333333333
"STM10","lh","FG4-ant","FG4","none","kid","VOF",0
"SERA10","lh","FG4-ant","FG4","none","kid","IFOF",0
"SERA10","lh","FG4-ant","FG4","none","kid","ILF",5.87275693311582
"SERA10","lh","FG4-ant","FG4","none","kid","AF",18.5970636215334
"SERA10","lh","FG4-ant","FG4","none","kid","pAF",75.5301794453507
"SERA10","lh","FG4-ant","FG4","none","kid","VOF",0
"KW10","lh","FG4-ant","FG4","none","kid","IFOF",0
"KW10","lh","FG4-ant","FG4","none","kid","ILF",9.35919055649241
"KW10","lh","FG4-ant","FG4","none","kid","AF",23.6087689713322
"KW10","lh","FG4-ant","FG4","none","kid","pAF",66.610455311973
"KW10","lh","FG4-ant","FG4","none","kid","VOF",0
"NW10","lh","FG4-ant","FG4","none","kid","IFOF",0
"NW10","lh","FG4-ant","FG4","none","kid","ILF",4.7244094488189
"NW10","lh","FG4-ant","FG4","none","kid","AF",27.5590551181102
"NW10","lh","FG4-ant","FG4","none","kid","pAF",67.7165354330709
"NW10","lh","FG4-ant","FG4","none","kid","VOF",0
"RJM10","lh","FG4-ant","FG4","none","kid","IFOF",0
"RJM10","lh","FG4-ant","FG4","none","kid","ILF",0.970873786407767
"RJM10","lh","FG4-ant","FG4","none","kid","AF",11.1650485436893
"RJM10","lh","FG4-ant","FG4","none","kid","pAF",87.8640776699029
"RJM10","lh","FG4-ant","FG4","none","kid","VOF",0
"AyS10","lh","FG4-ant","FG4","none","kid","IFOF",0
"AyS10","lh","FG4-ant","FG4","none","kid","ILF",0
"AyS10","lh","FG4-ant","FG4","none","kid","AF",33.3333333333333
"AyS10","lh","FG4-ant","FG4","none","kid","pAF",66.6666666666667
"AyS10","lh","FG4-ant","FG4","none","kid","VOF",0
"CGSA11","lh","FG4-ant","FG4","none","kid","IFOF",0
"CGSA11","lh","FG4-ant","FG4","none","kid","ILF",8.52428964252979
"CGSA11","lh","FG4-ant","FG4","none","kid","AF",19.5233730522456
"CGSA11","lh","FG4-ant","FG4","none","kid","pAF",71.9523373052246
"CGSA11","lh","FG4-ant","FG4","none","kid","VOF",0
"MFC11","lh","FG4-ant","FG4","none","kid","IFOF",0
"MFC11","lh","FG4-ant","FG4","none","kid","ILF",1.25348189415042
"MFC11","lh","FG4-ant","FG4","none","kid","AF",20.7520891364903
"MFC11","lh","FG4-ant","FG4","none","kid","pAF",77.9944289693593
"MFC11","lh","FG4-ant","FG4","none","kid","VOF",0
"JTE11","lh","FG4-ant","FG4","none","kid","IFOF",0
"JTE11","lh","FG4-ant","FG4","none","kid","ILF",2.08333333333333
"JTE11","lh","FG4-ant","FG4","none","kid","AF",29.1666666666667
"JTE11","lh","FG4-ant","FG4","none","kid","pAF",68.75
"JTE11","lh","FG4-ant","FG4","none","kid","VOF",0
"JDB11","lh","FG4-ant","FG4","none","kid","IFOF",0
"JDB11","lh","FG4-ant","FG4","none","kid","ILF",9.49227373068433
"JDB11","lh","FG4-ant","FG4","none","kid","AF",41.280353200883
"JDB11","lh","FG4-ant","FG4","none","kid","pAF",49.2273730684327
"JDB11","lh","FG4-ant","FG4","none","kid","VOF",0
"LL11","lh","FG4-ant","FG4","none","kid","IFOF",0
"LL11","lh","FG4-ant","FG4","none","kid","ILF",2.41718889883617
"LL11","lh","FG4-ant","FG4","none","kid","AF",31.0653536257833
"LL11","lh","FG4-ant","FG4","none","kid","pAF",66.5174574753805
"LL11","lh","FG4-ant","FG4","none","kid","VOF",0
"CS11","lh","FG4-ant","FG4","none","kid","IFOF",0
"CS11","lh","FG4-ant","FG4","none","kid","ILF",0.606060606060606
"CS11","lh","FG4-ant","FG4","none","kid","AF",18.7878787878788
"CS11","lh","FG4-ant","FG4","none","kid","pAF",80.6060606060606
"CS11","lh","FG4-ant","FG4","none","kid","VOF",0
"OS12","lh","FG4-ant","FG4","none","kid","IFOF",0
"OS12","lh","FG4-ant","FG4","none","kid","ILF",11.6760828625235
"OS12","lh","FG4-ant","FG4","none","kid","AF",15.819209039548
"OS12","lh","FG4-ant","FG4","none","kid","pAF",72.5047080979284
"OS12","lh","FG4-ant","FG4","none","kid","VOF",0
"CLC06","lh","FG4-ant","FG4","none","kid","IFOF",0
"CLC06","lh","FG4-ant","FG4","none","kid","ILF",29
"CLC06","lh","FG4-ant","FG4","none","kid","AF",7.5
"CLC06","lh","FG4-ant","FG4","none","kid","pAF",63.5
"CLC06","lh","FG4-ant","FG4","none","kid","VOF",0
"RJ09","lh","FG4-ant","FG4","none","kid","IFOF",0
"RJ09","lh","FG4-ant","FG4","none","kid","ILF",8.28313253012048
"RJ09","lh","FG4-ant","FG4","none","kid","AF",11.5963855421687
"RJ09","lh","FG4-ant","FG4","none","kid","pAF",80.1204819277108
"RJ09","lh","FG4-ant","FG4","none","kid","VOF",0
"KG22/KG22_150201_time_01_1","lh","FG4-mid","FG3","none","adult","IFOF",0
"KG22/KG22_150201_time_01_1","lh","FG4-mid","FG3","none","adult","ILF",5.10471204188482
"KG22/KG22_150201_time_01_1","lh","FG4-mid","FG3","none","adult","AF",35.8638743455497
"KG22/KG22_150201_time_01_1","lh","FG4-mid","FG3","none","adult","pAF",58.3769633507853
"KG22/KG22_150201_time_01_1","lh","FG4-mid","FG3","none","adult","VOF",0
"CS22/CS22_150322_time_01_1","lh","FG4-mid","FG3","none","adult","IFOF",0.131233595800525
"CS22/CS22_150322_time_01_1","lh","FG4-mid","FG3","none","adult","ILF",11.6797900262467
"CS22/CS22_150322_time_01_1","lh","FG4-mid","FG3","none","adult","AF",39.1076115485564
"CS22/CS22_150322_time_01_1","lh","FG4-mid","FG3","none","adult","pAF",48.6876640419948
"CS22/CS22_150322_time_01_1","lh","FG4-mid","FG3","none","adult","VOF",0
"JH22/JH22_150227_time_01_2","lh","FG4-mid","FG3","none","adult","IFOF",0
"JH22/JH22_150227_time_01_2","lh","FG4-mid","FG3","none","adult","ILF",14.6728354263054
"JH22/JH22_150227_time_01_2","lh","FG4-mid","FG3","none","adult","AF",49.636483807006
"JH22/JH22_150227_time_01_2","lh","FG4-mid","FG3","none","adult","pAF",35.1619299405155
"JH22/JH22_150227_time_01_2","lh","FG4-mid","FG3","none","adult","VOF",0
"MJW22/MJW22_150415_time_01_1","lh","FG4-mid","FG3","none","adult","IFOF",0
"MJW22/MJW22_150415_time_01_1","lh","FG4-mid","FG3","none","adult","ILF",23.5602094240838
"MJW22/MJW22_150415_time_01_1","lh","FG4-mid","FG3","none","adult","AF",20.6806282722513
"MJW22/MJW22_150415_time_01_1","lh","FG4-mid","FG3","none","adult","pAF",55.2356020942408
"MJW22/MJW22_150415_time_01_1","lh","FG4-mid","FG3","none","adult","VOF",0
"NAV22/NAV22_150329_time_01_1","lh","FG4-mid","FG3","none","adult","IFOF",0
"NAV22/NAV22_150329_time_01_1","lh","FG4-mid","FG3","none","adult","ILF",6.81818181818182
"NAV22/NAV22_150329_time_01_1","lh","FG4-mid","FG3","none","adult","AF",14.9621212121212
"NAV22/NAV22_150329_time_01_1","lh","FG4-mid","FG3","none","adult","pAF",77.4621212121212
"NAV22/NAV22_150329_time_01_1","lh","FG4-mid","FG3","none","adult","VOF",0.189393939393939
"ML23/ML23_150314_time_01_1","lh","FG4-mid","FG3","none","adult","IFOF",0
"ML23/ML23_150314_time_01_1","lh","FG4-mid","FG3","none","adult","ILF",57.3529411764706
"ML23/ML23_150314_time_01_1","lh","FG4-mid","FG3","none","adult","AF",11.7647058823529
"ML23/ML23_150314_time_01_1","lh","FG4-mid","FG3","none","adult","pAF",29.4117647058824
"ML23/ML23_150314_time_01_1","lh","FG4-mid","FG3","none","adult","VOF",0
"EA23/EA23_150208_time_01_1","lh","FG4-mid","FG3","none","adult","IFOF",0
"EA23/EA23_150208_time_01_1","lh","FG4-mid","FG3","none","adult","ILF",18.6915887850467
"EA23/EA23_150208_time_01_1","lh","FG4-mid","FG3","none","adult","AF",27.1028037383178
"EA23/EA23_150208_time_01_1","lh","FG4-mid","FG3","none","adult","pAF",54.2056074766355
"EA23/EA23_150208_time_01_1","lh","FG4-mid","FG3","none","adult","VOF",0
"JEW23/JEW23_150322_time_01_1","lh","FG4-mid","FG3","none","adult","IFOF",4.19161676646707
"JEW23/JEW23_150322_time_01_1","lh","FG4-mid","FG3","none","adult","ILF",14.9700598802395
"JEW23/JEW23_150322_time_01_1","lh","FG4-mid","FG3","none","adult","AF",13.1736526946108
"JEW23/JEW23_150322_time_01_1","lh","FG4-mid","FG3","none","adult","pAF",46.7065868263473
"JEW23/JEW23_150322_time_01_1","lh","FG4-mid","FG3","none","adult","VOF",14.3712574850299
"GB23/GB23_150301_time_01_1","lh","FG4-mid","FG3","none","adult","IFOF",0
"GB23/GB23_150301_time_01_1","lh","FG4-mid","FG3","none","adult","ILF",26.3157894736842
"GB23/GB23_150301_time_01_1","lh","FG4-mid","FG3","none","adult","AF",15.0375939849624
"GB23/GB23_150301_time_01_1","lh","FG4-mid","FG3","none","adult","pAF",58.6466165413534
"GB23/GB23_150301_time_01_1","lh","FG4-mid","FG3","none","adult","VOF",0
"JP23/JP23_150210_time_01_2","lh","FG4-mid","FG3","none","adult","IFOF",0
"JP23/JP23_150210_time_01_2","lh","FG4-mid","FG3","none","adult","ILF",21.8097447795824
"JP23/JP23_150210_time_01_2","lh","FG4-mid","FG3","none","adult","AF",23.4338747099768
"JP23/JP23_150210_time_01_2","lh","FG4-mid","FG3","none","adult","pAF",54.5243619489559
"JP23/JP23_150210_time_01_2","lh","FG4-mid","FG3","none","adult","VOF",0
"SL23/SL23_150321_time_01_1","lh","FG4-mid","FG3","none","adult","IFOF",0
"SL23/SL23_150321_time_01_1","lh","FG4-mid","FG3","none","adult","ILF",10.989010989011
"SL23/SL23_150321_time_01_1","lh","FG4-mid","FG3","none","adult","AF",54.9450549450549
"SL23/SL23_150321_time_01_1","lh","FG4-mid","FG3","none","adult","pAF",34.0659340659341
"SL23/SL23_150321_time_01_1","lh","FG4-mid","FG3","none","adult","VOF",0
"MW23/MW23_140720_time_01_1","lh","FG4-mid","FG3","none","adult","IFOF",0
"MW23/MW23_140720_time_01_1","lh","FG4-mid","FG3","none","adult","ILF",6.99088145896657
"MW23/MW23_140720_time_01_1","lh","FG4-mid","FG3","none","adult","AF",20.0607902735562
"MW23/MW23_140720_time_01_1","lh","FG4-mid","FG3","none","adult","pAF",72.9483282674772
"MW23/MW23_140720_time_01_1","lh","FG4-mid","FG3","none","adult","VOF",0
"LB23/LB23_140706_time_01_1","lh","FG4-mid","FG3","none","adult","IFOF",0
"LB23/LB23_140706_time_01_1","lh","FG4-mid","FG3","none","adult","ILF",9.5852534562212
"LB23/LB23_140706_time_01_1","lh","FG4-mid","FG3","none","adult","AF",31.2442396313364
"LB23/LB23_140706_time_01_1","lh","FG4-mid","FG3","none","adult","pAF",58.3410138248848
"LB23/LB23_140706_time_01_1","lh","FG4-mid","FG3","none","adult","VOF",0
"MBA24/MBA24_150227_time_01_1","lh","FG4-mid","FG3","none","adult","IFOF",0
"MBA24/MBA24_150227_time_01_1","lh","FG4-mid","FG3","none","adult","ILF",10.4950495049505
"MBA24/MBA24_150227_time_01_1","lh","FG4-mid","FG3","none","adult","AF",19.009900990099
"MBA24/MBA24_150227_time_01_1","lh","FG4-mid","FG3","none","adult","pAF",65.7425742574257
"MBA24/MBA24_150227_time_01_1","lh","FG4-mid","FG3","none","adult","VOF",4.35643564356436
"TL24/TL24_150310_time_01_1","lh","FG4-mid","FG3","none","adult","IFOF",0
"TL24/TL24_150310_time_01_1","lh","FG4-mid","FG3","none","adult","ILF",9.48905109489051
"TL24/TL24_150310_time_01_1","lh","FG4-mid","FG3","none","adult","AF",26.2773722627737
"TL24/TL24_150310_time_01_1","lh","FG4-mid","FG3","none","adult","pAF",63.0170316301703
"TL24/TL24_150310_time_01_1","lh","FG4-mid","FG3","none","adult","VOF",0
"JG24/JG24_140117_time_01_1","lh","FG4-mid","FG3","none","adult","IFOF",0
"JG24/JG24_140117_time_01_1","lh","FG4-mid","FG3","none","adult","ILF",4.82573726541555
"JG24/JG24_140117_time_01_1","lh","FG4-mid","FG3","none","adult","AF",36.1930294906166
"JG24/JG24_140117_time_01_1","lh","FG4-mid","FG3","none","adult","pAF",58.9812332439678
"JG24/JG24_140117_time_01_1","lh","FG4-mid","FG3","none","adult","VOF",0
"AMWS24/AMWS24_140611_time_01_1","lh","FG4-mid","FG3","none","adult","IFOF",0
"AMWS24/AMWS24_140611_time_01_1","lh","FG4-mid","FG3","none","adult","ILF",31.9548872180451
"AMWS24/AMWS24_140611_time_01_1","lh","FG4-mid","FG3","none","adult","AF",19.5488721804511
"AMWS24/AMWS24_140611_time_01_1","lh","FG4-mid","FG3","none","adult","pAF",48.4962406015038
"AMWS24/AMWS24_140611_time_01_1","lh","FG4-mid","FG3","none","adult","VOF",0
"BM24/BM24_150726_time_01_1","lh","FG4-mid","FG3","none","adult","IFOF",0
"BM24/BM24_150726_time_01_1","lh","FG4-mid","FG3","none","adult","ILF",5.63139931740614
"BM24/BM24_150726_time_01_1","lh","FG4-mid","FG3","none","adult","AF",34.8122866894198
"BM24/BM24_150726_time_01_1","lh","FG4-mid","FG3","none","adult","pAF",59.5563139931741
"BM24/BM24_150726_time_01_1","lh","FG4-mid","FG3","none","adult","VOF",0
"NC24/NC24_150321_time_01_1","lh","FG4-mid","FG3","none","adult","IFOF",0
"NC24/NC24_150321_time_01_1","lh","FG4-mid","FG3","none","adult","ILF",4.96688741721854
"NC24/NC24_150321_time_01_1","lh","FG4-mid","FG3","none","adult","AF",38.5761589403974
"NC24/NC24_150321_time_01_1","lh","FG4-mid","FG3","none","adult","pAF",54.9668874172185
"NC24/NC24_150321_time_01_1","lh","FG4-mid","FG3","none","adult","VOF",0
"CB24/CB24_151102_time_01_1","lh","FG4-mid","FG3","none","adult","IFOF",0
"CB24/CB24_151102_time_01_1","lh","FG4-mid","FG3","none","adult","ILF",1.52542372881356
"CB24/CB24_151102_time_01_1","lh","FG4-mid","FG3","none","adult","AF",38.5593220338983
"CB24/CB24_151102_time_01_1","lh","FG4-mid","FG3","none","adult","pAF",59.8305084745763
"CB24/CB24_151102_time_01_1","lh","FG4-mid","FG3","none","adult","VOF",0
"CR24/CR24_150307_time_01_1","lh","FG4-mid","FG3","none","adult","IFOF",0
"CR24/CR24_150307_time_01_1","lh","FG4-mid","FG3","none","adult","ILF",33.9869281045752
"CR24/CR24_150307_time_01_1","lh","FG4-mid","FG3","none","adult","AF",20.2614379084967
"CR24/CR24_150307_time_01_1","lh","FG4-mid","FG3","none","adult","pAF",45.7516339869281
"CR24/CR24_150307_time_01_1","lh","FG4-mid","FG3","none","adult","VOF",0
"AI24/AI24_150309_time_01_1","lh","FG4-mid","FG3","none","adult","IFOF",0
"AI24/AI24_150309_time_01_1","lh","FG4-mid","FG3","none","adult","ILF",4.31034482758621
"AI24/AI24_150309_time_01_1","lh","FG4-mid","FG3","none","adult","AF",27.5862068965517
"AI24/AI24_150309_time_01_1","lh","FG4-mid","FG3","none","adult","pAF",68.1034482758621
"AI24/AI24_150309_time_01_1","lh","FG4-mid","FG3","none","adult","VOF",0
"AD25/AD25_150226_time_01_1","lh","FG4-mid","FG3","none","adult","IFOF",1.44092219020173
"AD25/AD25_150226_time_01_1","lh","FG4-mid","FG3","none","adult","ILF",11.5273775216138
"AD25/AD25_150226_time_01_1","lh","FG4-mid","FG3","none","adult","AF",13.8328530259366
"AD25/AD25_150226_time_01_1","lh","FG4-mid","FG3","none","adult","pAF",67.7233429394813
"AD25/AD25_150226_time_01_1","lh","FG4-mid","FG3","none","adult","VOF",2.59365994236311
"JM25/JM25_150324_time_01_1","lh","FG4-mid","FG3","none","adult","IFOF",0
"JM25/JM25_150324_time_01_1","lh","FG4-mid","FG3","none","adult","ILF",3.38283828382838
"JM25/JM25_150324_time_01_1","lh","FG4-mid","FG3","none","adult","AF",33.003300330033
"JM25/JM25_150324_time_01_1","lh","FG4-mid","FG3","none","adult","pAF",63.6138613861386
"JM25/JM25_150324_time_01_1","lh","FG4-mid","FG3","none","adult","VOF",0
"MB26/MB26_150426_time_01_1","lh","FG4-mid","FG3","none","adult","IFOF",0
"MB26/MB26_150426_time_01_1","lh","FG4-mid","FG3","none","adult","ILF",12.8826530612245
"MB26/MB26_150426_time_01_1","lh","FG4-mid","FG3","none","adult","AF",35.0765306122449
"MB26/MB26_150426_time_01_1","lh","FG4-mid","FG3","none","adult","pAF",51.9132653061224
"MB26/MB26_150426_time_01_1","lh","FG4-mid","FG3","none","adult","VOF",0
"MC26/MC26_150211_time_01_1","lh","FG4-mid","FG3","none","adult","IFOF",0
"MC26/MC26_150211_time_01_1","lh","FG4-mid","FG3","none","adult","ILF",50.4761904761905
"MC26/MC26_150211_time_01_1","lh","FG4-mid","FG3","none","adult","AF",7.61904761904762
"MC26/MC26_150211_time_01_1","lh","FG4-mid","FG3","none","adult","pAF",41.9047619047619
"MC26/MC26_150211_time_01_1","lh","FG4-mid","FG3","none","adult","VOF",0
"MMC27/MMC27_150321_time_01_1","lh","FG4-mid","FG3","none","adult","IFOF",0
"MMC27/MMC27_150321_time_01_1","lh","FG4-mid","FG3","none","adult","ILF",55.5555555555556
"MMC27/MMC27_150321_time_01_1","lh","FG4-mid","FG3","none","adult","AF",3.7037037037037
"MMC27/MMC27_150321_time_01_1","lh","FG4-mid","FG3","none","adult","pAF",40.7407407407407
"MMC27/MMC27_150321_time_01_1","lh","FG4-mid","FG3","none","adult","VOF",0
"MSH28/MSH28_150401_time_01_1","lh","FG4-mid","FG3","none","adult","IFOF",0.402414486921529
"MSH28/MSH28_150401_time_01_1","lh","FG4-mid","FG3","none","adult","ILF",21.1267605633803
"MSH28/MSH28_150401_time_01_1","lh","FG4-mid","FG3","none","adult","AF",41.6498993963783
"MSH28/MSH28_150401_time_01_1","lh","FG4-mid","FG3","none","adult","pAF",36.2173038229376
"MSH28/MSH28_150401_time_01_1","lh","FG4-mid","FG3","none","adult","VOF",0
"ZCM05","lh","FG4-mid","FG3","none","kid","IFOF",0
"ZCM05","lh","FG4-mid","FG3","none","kid","ILF",5.49263873159683
"ZCM05","lh","FG4-mid","FG3","none","kid","AF",15.1755379388448
"ZCM05","lh","FG4-mid","FG3","none","kid","pAF",79.2751981879955
"ZCM05","lh","FG4-mid","FG3","none","kid","VOF",0.0566251415628539
"MEC05","lh","FG4-mid","FG3","none","kid","IFOF",0
"MEC05","lh","FG4-mid","FG3","none","kid","ILF",22.9213483146067
"MEC05","lh","FG4-mid","FG3","none","kid","AF",12.8089887640449
"MEC05","lh","FG4-mid","FG3","none","kid","pAF",64.2696629213483
"MEC05","lh","FG4-mid","FG3","none","kid","VOF",0
"RHSA06","lh","FG4-mid","FG3","none","kid","IFOF",0
"RHSA06","lh","FG4-mid","FG3","none","kid","ILF",23.2081911262799
"RHSA06","lh","FG4-mid","FG3","none","kid","AF",4.43686006825939
"RHSA06","lh","FG4-mid","FG3","none","kid","pAF",43.3447098976109
"RHSA06","lh","FG4-mid","FG3","none","kid","VOF",29.0102389078498
"INW06","lh","FG4-mid","FG3","none","kid","IFOF",0
"INW06","lh","FG4-mid","FG3","none","kid","ILF",4.22102839600921
"INW06","lh","FG4-mid","FG3","none","kid","AF",40.0613967766692
"INW06","lh","FG4-mid","FG3","none","kid","pAF",55.4105909439754
"INW06","lh","FG4-mid","FG3","none","kid","VOF",0
"AlS07","lh","FG4-mid","FG3","none","kid","IFOF",0
"AlS07","lh","FG4-mid","FG3","none","kid","ILF",4.38247011952191
"AlS07","lh","FG4-mid","FG3","none","kid","AF",21.7985202048947
"AlS07","lh","FG4-mid","FG3","none","kid","pAF",73.8190096755834
"AlS07","lh","FG4-mid","FG3","none","kid","VOF",0
"SDS07","lh","FG4-mid","FG3","none","kid","IFOF",0
"SDS07","lh","FG4-mid","FG3","none","kid","ILF",8.00351802990325
"SDS07","lh","FG4-mid","FG3","none","kid","AF",10.1143359718558
"SDS07","lh","FG4-mid","FG3","none","kid","pAF",81.882145998241
"SDS07","lh","FG4-mid","FG3","none","kid","VOF",0
"SM08","lh","FG4-mid","FG3","none","kid","IFOF",0
"SM08","lh","FG4-mid","FG3","none","kid","ILF",13.7254901960784
"SM08","lh","FG4-mid","FG3","none","kid","AF",3.92156862745098
"SM08","lh","FG4-mid","FG3","none","kid","pAF",73.8562091503268
"SM08","lh","FG4-mid","FG3","none","kid","VOF",4.57516339869281
"MDT09","lh","FG4-mid","FG3","none","kid","IFOF",0
"MDT09","lh","FG4-mid","FG3","none","kid","ILF",23.4317343173432
"MDT09","lh","FG4-mid","FG3","none","kid","AF",23.2472324723247
"MDT09","lh","FG4-mid","FG3","none","kid","pAF",48.3394833948339
"MDT09","lh","FG4-mid","FG3","none","kid","VOF",4.98154981549815
"LEE09","lh","FG4-mid","FG3","none","kid","IFOF",0
"LEE09","lh","FG4-mid","FG3","none","kid","ILF",19.3146417445483
"LEE09","lh","FG4-mid","FG3","none","kid","AF",9.96884735202492
"LEE09","lh","FG4-mid","FG3","none","kid","pAF",70.7165109034268
"LEE09","lh","FG4-mid","FG3","none","kid","VOF",0
"GEJA09","lh","FG4-mid","FG3","none","kid","IFOF",0
"GEJA09","lh","FG4-mid","FG3","none","kid","ILF",7.82280867106503
"GEJA09","lh","FG4-mid","FG3","none","kid","AF",26.5786993402451
"GEJA09","lh","FG4-mid","FG3","none","kid","pAF",64.1847313854854
"GEJA09","lh","FG4-mid","FG3","none","kid","VOF",1.13100848256362
"DAPA10","lh","FG4-mid","FG3","none","kid","IFOF",0
"DAPA10","lh","FG4-mid","FG3","none","kid","ILF",17.7922077922078
"DAPA10","lh","FG4-mid","FG3","none","kid","AF",23.5064935064935
"DAPA10","lh","FG4-mid","FG3","none","kid","pAF",58.7012987012987
"DAPA10","lh","FG4-mid","FG3","none","kid","VOF",0
"AG10","lh","FG4-mid","FG3","none","kid","IFOF",0
"AG10","lh","FG4-mid","FG3","none","kid","ILF",35.5442176870748
"AG10","lh","FG4-mid","FG3","none","kid","AF",9.69387755102041
"AG10","lh","FG4-mid","FG3","none","kid","pAF",52.891156462585
"AG10","lh","FG4-mid","FG3","none","kid","VOF",1.87074829931973
"STM10","lh","FG4-mid","FG3","none","kid","IFOF",0
"STM10","lh","FG4-mid","FG3","none","kid","ILF",10.7894736842105
"STM10","lh","FG4-mid","FG3","none","kid","AF",23.4210526315789
"STM10","lh","FG4-mid","FG3","none","kid","pAF",64.7368421052632
"STM10","lh","FG4-mid","FG3","none","kid","VOF",1.05263157894737
"SERA10","lh","FG4-mid","FG3","none","kid","IFOF",0
"SERA10","lh","FG4-mid","FG3","none","kid","ILF",4.43740095087163
"SERA10","lh","FG4-mid","FG3","none","kid","AF",32.3296354992076
"SERA10","lh","FG4-mid","FG3","none","kid","pAF",63.2329635499208
"SERA10","lh","FG4-mid","FG3","none","kid","VOF",0
"KW10","lh","FG4-mid","FG3","none","kid","IFOF",0
"KW10","lh","FG4-mid","FG3","none","kid","ILF",23.4883720930233
"KW10","lh","FG4-mid","FG3","none","kid","AF",20.2325581395349
"KW10","lh","FG4-mid","FG3","none","kid","pAF",53.2558139534884
"KW10","lh","FG4-mid","FG3","none","kid","VOF",0.465116279069767
"NW10","lh","FG4-mid","FG3","none","kid","IFOF",0
"NW10","lh","FG4-mid","FG3","none","kid","ILF",5.49313358302122
"NW10","lh","FG4-mid","FG3","none","kid","AF",11.3607990012484
"NW10","lh","FG4-mid","FG3","none","kid","pAF",82.0224719101124
"NW10","lh","FG4-mid","FG3","none","kid","VOF",1.12359550561798
"RJM10","lh","FG4-mid","FG3","none","kid","IFOF",0
"RJM10","lh","FG4-mid","FG3","none","kid","ILF",4.80059084194978
"RJM10","lh","FG4-mid","FG3","none","kid","AF",26.8094534711965
"RJM10","lh","FG4-mid","FG3","none","kid","pAF",68.3899556868538
"RJM10","lh","FG4-mid","FG3","none","kid","VOF",0
"AyS10","lh","FG4-mid","FG3","none","kid","IFOF",0
"AyS10","lh","FG4-mid","FG3","none","kid","ILF",9.91136180499597
"AyS10","lh","FG4-mid","FG3","none","kid","AF",30.5398871877518
"AyS10","lh","FG4-mid","FG3","none","kid","pAF",59.5487510072522
"AyS10","lh","FG4-mid","FG3","none","kid","VOF",0
"CGSA11","lh","FG4-mid","FG3","none","kid","IFOF",0
"CGSA11","lh","FG4-mid","FG3","none","kid","ILF",24.5967741935484
"CGSA11","lh","FG4-mid","FG3","none","kid","AF",22.5806451612903
"CGSA11","lh","FG4-mid","FG3","none","kid","pAF",50.4032258064516
"CGSA11","lh","FG4-mid","FG3","none","kid","VOF",0
"MFC11","lh","FG4-mid","FG3","none","kid","IFOF",0
"MFC11","lh","FG4-mid","FG3","none","kid","ILF",3.63143631436314
"MFC11","lh","FG4-mid","FG3","none","kid","AF",33.8753387533875
"MFC11","lh","FG4-mid","FG3","none","kid","pAF",62.1680216802168
"MFC11","lh","FG4-mid","FG3","none","kid","VOF",0.16260162601626
"JTE11","lh","FG4-mid","FG3","none","kid","IFOF",0
"JTE11","lh","FG4-mid","FG3","none","kid","ILF",14.9470899470899
"JTE11","lh","FG4-mid","FG3","none","kid","AF",29.3650793650794
"JTE11","lh","FG4-mid","FG3","none","kid","pAF",55.5555555555556
"JTE11","lh","FG4-mid","FG3","none","kid","VOF",0
"JDB11","lh","FG4-mid","FG3","none","kid","IFOF",0
"JDB11","lh","FG4-mid","FG3","none","kid","ILF",4.45468509984639
"JDB11","lh","FG4-mid","FG3","none","kid","AF",48.489503328213
"JDB11","lh","FG4-mid","FG3","none","kid","pAF",46.799795186892
"JDB11","lh","FG4-mid","FG3","none","kid","VOF",0
"LL11","lh","FG4-mid","FG3","none","kid","IFOF",0
"LL11","lh","FG4-mid","FG3","none","kid","ILF",1.34744947064485
"LL11","lh","FG4-mid","FG3","none","kid","AF",23.7728585178056
"LL11","lh","FG4-mid","FG3","none","kid","pAF",74.2059672762271
"LL11","lh","FG4-mid","FG3","none","kid","VOF",0.192492781520693
"CS11","lh","FG4-mid","FG3","none","kid","IFOF",0
"CS11","lh","FG4-mid","FG3","none","kid","ILF",35.7429718875502
"CS11","lh","FG4-mid","FG3","none","kid","AF",5.22088353413655
"CS11","lh","FG4-mid","FG3","none","kid","pAF",58.6345381526104
"CS11","lh","FG4-mid","FG3","none","kid","VOF",0
"OS12","lh","FG4-mid","FG3","none","kid","IFOF",0
"OS12","lh","FG4-mid","FG3","none","kid","ILF",8.29585207396302
"OS12","lh","FG4-mid","FG3","none","kid","AF",38.8805597201399
"OS12","lh","FG4-mid","FG3","none","kid","pAF",52.7236381809095
"OS12","lh","FG4-mid","FG3","none","kid","VOF",0.0499750124937531
"CLC06","lh","FG4-mid","FG3","none","kid","IFOF",0
"CLC06","lh","FG4-mid","FG3","none","kid","ILF",8.05369127516778
"CLC06","lh","FG4-mid","FG3","none","kid","AF",25.8389261744966
"CLC06","lh","FG4-mid","FG3","none","kid","pAF",64.4295302013423
"CLC06","lh","FG4-mid","FG3","none","kid","VOF",0.335570469798658
"RJ09","lh","FG4-mid","FG3","none","kid","IFOF",0
"RJ09","lh","FG4-mid","FG3","none","kid","ILF",9.12906610703043
"RJ09","lh","FG4-mid","FG3","none","kid","AF",17.1038824763903
"RJ09","lh","FG4-mid","FG3","none","kid","pAF",70.9338929695698
"RJ09","lh","FG4-mid","FG3","none","kid","VOF",0.209863588667366
