froi,group,hemi,croi,overlap,subject
mFus_Faces_cc3,kid,lh,FG1,0,AG10
mFus_Faces_cc3,kid,lh,FG2,0,AG10
mFus_Faces_cc3,kid,lh,FG3,0,AG10
mFus_Faces_cc3,kid,lh,FG4,0.956521739130435,AG10
mFus_Faces_cc3,kid,lh,FG1,0,AyS10
mFus_Faces_cc3,kid,lh,FG2,0.0491803278688525,AyS10
mFus_Faces_cc3,kid,lh,FG3,0,AyS10
mFus_Faces_cc3,kid,lh,FG4,0.950819672131147,AyS10
mFus_Faces_cc3,kid,lh,FG1,0,CGSA11
mFus_Faces_cc3,kid,lh,FG2,0,CGSA11
mFus_Faces_cc3,kid,lh,FG3,0,CGSA11
mFus_Faces_cc3,kid,lh,FG4,0.937269372693727,CGSA11
mFus_Faces_cc3,kid,lh,FG1,0,CLC06
mFus_Faces_cc3,kid,lh,FG2,0.046875,CLC06
mFus_Faces_cc3,kid,lh,FG3,0.0234375,CLC06
mFus_Faces_cc3,kid,lh,FG4,0.9296875,CLC06
mFus_Faces_cc3,kid,lh,FG1,0,CS11
mFus_Faces_cc3,kid,lh,FG2,0,CS11
mFus_Faces_cc3,kid,lh,FG3,0,CS11
mFus_Faces_cc3,kid,lh,FG4,1,CS11
mFus_Faces_cc3,kid,lh,FG1,0,GEJA09
mFus_Faces_cc3,kid,lh,FG2,0,GEJA09
mFus_Faces_cc3,kid,lh,FG3,0,GEJA09
mFus_Faces_cc3,kid,lh,FG4,1,GEJA09
mFus_Faces_cc3,kid,lh,FG1,0,INW06
mFus_Faces_cc3,kid,lh,FG2,0,INW06
mFus_Faces_cc3,kid,lh,FG3,0,INW06
mFus_Faces_cc3,kid,lh,FG4,1,INW06
mFus_Faces_cc3,kid,lh,FG1,0,JDB11
mFus_Faces_cc3,kid,lh,FG2,0,JDB11
mFus_Faces_cc3,kid,lh,FG3,0,JDB11
mFus_Faces_cc3,kid,lh,FG4,1,JDB11
mFus_Faces_cc3,kid,lh,FG1,0,JTE11
mFus_Faces_cc3,kid,lh,FG2,0.772727272727273,JTE11
mFus_Faces_cc3,kid,lh,FG3,0,JTE11
mFus_Faces_cc3,kid,lh,FG4,0.227272727272727,JTE11
mFus_Faces_cc3,kid,lh,FG1,0,KW10
mFus_Faces_cc3,kid,lh,FG2,0.0344827586206897,KW10
mFus_Faces_cc3,kid,lh,FG3,0,KW10
mFus_Faces_cc3,kid,lh,FG4,0.952978056426332,KW10
mFus_Faces_cc3,kid,lh,FG1,0,LEE09
mFus_Faces_cc3,kid,lh,FG2,0.38695652173913,LEE09
mFus_Faces_cc3,kid,lh,FG3,0,LEE09
mFus_Faces_cc3,kid,lh,FG4,0.61304347826087,LEE09
mFus_Faces_cc3,kid,lh,FG1,0,LL11
mFus_Faces_cc3,kid,lh,FG2,0,LL11
mFus_Faces_cc3,kid,lh,FG3,0,LL11
mFus_Faces_cc3,kid,lh,FG4,1,LL11
mFus_Faces_cc3,kid,lh,FG1,0,MDT09
mFus_Faces_cc3,kid,lh,FG2,0,MDT09
mFus_Faces_cc3,kid,lh,FG3,0,MDT09
mFus_Faces_cc3,kid,lh,FG4,1,MDT09
mFus_Faces_cc3,kid,lh,FG1,0,NW10
mFus_Faces_cc3,kid,lh,FG2,0,NW10
mFus_Faces_cc3,kid,lh,FG3,0.198237885462555,NW10
mFus_Faces_cc3,kid,lh,FG4,0.801762114537445,NW10
mFus_Faces_cc3,kid,lh,FG1,0,OS12
mFus_Faces_cc3,kid,lh,FG2,0,OS12
mFus_Faces_cc3,kid,lh,FG3,0.107843137254902,OS12
mFus_Faces_cc3,kid,lh,FG4,0.892156862745098,OS12
mFus_Faces_cc3,kid,lh,FG1,0.0355555555555556,RHSA06
mFus_Faces_cc3,kid,lh,FG2,0.0533333333333333,RHSA06
mFus_Faces_cc3,kid,lh,FG3,0.0577777777777778,RHSA06
mFus_Faces_cc3,kid,lh,FG4,0.853333333333333,RHSA06
mFus_Faces_cc3,kid,lh,FG1,0,RJ09
mFus_Faces_cc3,kid,lh,FG2,0,RJ09
mFus_Faces_cc3,kid,lh,FG3,0,RJ09
mFus_Faces_cc3,kid,lh,FG4,1,RJ09
mFus_Faces_cc3,kid,lh,FG1,0,RJM10
mFus_Faces_cc3,kid,lh,FG2,0.045662100456621,RJM10
mFus_Faces_cc3,kid,lh,FG3,0.0365296803652968,RJM10
mFus_Faces_cc3,kid,lh,FG4,0.917808219178082,RJM10
mFus_Faces_cc3,kid,lh,FG1,0.0459770114942529,SERA10
mFus_Faces_cc3,kid,lh,FG2,0.206896551724138,SERA10
mFus_Faces_cc3,kid,lh,FG3,0,SERA10
mFus_Faces_cc3,kid,lh,FG4,0.747126436781609,SERA10
mFus_Faces_cc3,kid,lh,FG1,0,SM08
mFus_Faces_cc3,kid,lh,FG2,0.03,SM08
mFus_Faces_cc3,kid,lh,FG3,0,SM08
mFus_Faces_cc3,kid,lh,FG4,0.95,SM08
mFus_Faces_cc3,kid,lh,FG1,0.00308641975308642,STM10
mFus_Faces_cc3,kid,lh,FG2,0.25,STM10
mFus_Faces_cc3,kid,lh,FG3,0.138888888888889,STM10
mFus_Faces_cc3,kid,lh,FG4,0.608024691358025,STM10
mFus_Faces_cc3,kid,lh,FG1,0,ZCM05
mFus_Faces_cc3,kid,lh,FG2,0.675324675324675,ZCM05
mFus_Faces_cc3,kid,lh,FG3,0,ZCM05
mFus_Faces_cc3,kid,lh,FG4,0.324675324675325,ZCM05
pFus_Faces_cc3,kid,lh,FG1,0,AlS07
pFus_Faces_cc3,kid,lh,FG2,0,AlS07
pFus_Faces_cc3,kid,lh,FG3,0,AlS07
pFus_Faces_cc3,kid,lh,FG4,1,AlS07
pFus_Faces_cc3,kid,lh,FG1,0,CGSA11
pFus_Faces_cc3,kid,lh,FG2,0.392523364485981,CGSA11
pFus_Faces_cc3,kid,lh,FG3,0,CGSA11
pFus_Faces_cc3,kid,lh,FG4,0.289719626168224,CGSA11
pFus_Faces_cc3,kid,lh,FG1,0,CS11
pFus_Faces_cc3,kid,lh,FG2,0.903225806451613,CS11
pFus_Faces_cc3,kid,lh,FG3,0,CS11
pFus_Faces_cc3,kid,lh,FG4,0,CS11
pFus_Faces_cc3,kid,lh,FG1,0.235294117647059,DAPA10
pFus_Faces_cc3,kid,lh,FG2,0.764705882352941,DAPA10
pFus_Faces_cc3,kid,lh,FG3,0,DAPA10
pFus_Faces_cc3,kid,lh,FG4,0,DAPA10
pFus_Faces_cc3,kid,lh,FG1,0,GEJA09
pFus_Faces_cc3,kid,lh,FG2,1,GEJA09
pFus_Faces_cc3,kid,lh,FG3,0,GEJA09
pFus_Faces_cc3,kid,lh,FG4,0,GEJA09
pFus_Faces_cc3,kid,lh,FG1,0,INW06
pFus_Faces_cc3,kid,lh,FG2,1,INW06
pFus_Faces_cc3,kid,lh,FG3,0,INW06
pFus_Faces_cc3,kid,lh,FG4,0,INW06
pFus_Faces_cc3,kid,lh,FG1,0.27906976744186,JDB11
pFus_Faces_cc3,kid,lh,FG2,0.348837209302326,JDB11
pFus_Faces_cc3,kid,lh,FG3,0,JDB11
pFus_Faces_cc3,kid,lh,FG4,0.372093023255814,JDB11
pFus_Faces_cc3,kid,lh,FG1,0,JTE11
pFus_Faces_cc3,kid,lh,FG2,0.785714285714286,JTE11
pFus_Faces_cc3,kid,lh,FG3,0,JTE11
pFus_Faces_cc3,kid,lh,FG4,0,JTE11
pFus_Faces_cc3,kid,lh,FG1,0,KW10
pFus_Faces_cc3,kid,lh,FG2,0.583518930957684,KW10
pFus_Faces_cc3,kid,lh,FG3,0,KW10
pFus_Faces_cc3,kid,lh,FG4,0.0200445434298441,KW10
pFus_Faces_cc3,kid,lh,FG1,0,LEE09
pFus_Faces_cc3,kid,lh,FG2,0.967741935483871,LEE09
pFus_Faces_cc3,kid,lh,FG3,0,LEE09
pFus_Faces_cc3,kid,lh,FG4,0,LEE09
pFus_Faces_cc3,kid,lh,FG1,0.0349344978165939,MDT09
pFus_Faces_cc3,kid,lh,FG2,0.7117903930131,MDT09
pFus_Faces_cc3,kid,lh,FG3,0,MDT09
pFus_Faces_cc3,kid,lh,FG4,0,MDT09
pFus_Faces_cc3,kid,lh,FG1,0.6,MEC05
pFus_Faces_cc3,kid,lh,FG2,0.342857142857143,MEC05
pFus_Faces_cc3,kid,lh,FG3,0,MEC05
pFus_Faces_cc3,kid,lh,FG4,0.0571428571428571,MEC05
pFus_Faces_cc3,kid,lh,FG1,0,MFC11
pFus_Faces_cc3,kid,lh,FG2,0.923076923076923,MFC11
pFus_Faces_cc3,kid,lh,FG3,0,MFC11
pFus_Faces_cc3,kid,lh,FG4,0.032967032967033,MFC11
pFus_Faces_cc3,kid,lh,FG1,0.310344827586207,NW10
pFus_Faces_cc3,kid,lh,FG2,0.689655172413793,NW10
pFus_Faces_cc3,kid,lh,FG3,0,NW10
pFus_Faces_cc3,kid,lh,FG4,0,NW10
pFus_Faces_cc3,kid,lh,FG1,0.0481481481481481,OS12
pFus_Faces_cc3,kid,lh,FG2,0.911111111111111,OS12
pFus_Faces_cc3,kid,lh,FG3,0,OS12
pFus_Faces_cc3,kid,lh,FG4,0.0407407407407407,OS12
pFus_Faces_cc3,kid,lh,FG1,0.191489361702128,RHSA06
pFus_Faces_cc3,kid,lh,FG2,0.780141843971631,RHSA06
pFus_Faces_cc3,kid,lh,FG3,0,RHSA06
pFus_Faces_cc3,kid,lh,FG4,0.0283687943262411,RHSA06
pFus_Faces_cc3,kid,lh,FG1,0.153284671532847,RJM10
pFus_Faces_cc3,kid,lh,FG2,0.846715328467153,RJM10
pFus_Faces_cc3,kid,lh,FG3,0,RJM10
pFus_Faces_cc3,kid,lh,FG4,0,RJM10
pFus_Faces_cc3,kid,lh,FG1,0.00395256916996047,SERA10
pFus_Faces_cc3,kid,lh,FG2,0.391304347826087,SERA10
pFus_Faces_cc3,kid,lh,FG3,0,SERA10
pFus_Faces_cc3,kid,lh,FG4,0,SERA10
pFus_Faces_cc3,kid,lh,FG1,0,SM08
pFus_Faces_cc3,kid,lh,FG2,0.905660377358491,SM08
pFus_Faces_cc3,kid,lh,FG3,0,SM08
pFus_Faces_cc3,kid,lh,FG4,0.0943396226415094,SM08
pFus_Faces_cc3,kid,lh,FG1,0,STM10
pFus_Faces_cc3,kid,lh,FG2,1,STM10
pFus_Faces_cc3,kid,lh,FG3,0,STM10
pFus_Faces_cc3,kid,lh,FG4,0,STM10
mOTS_word_cc3,kid,lh,FG1,0,AG10
mOTS_word_cc3,kid,lh,FG2,0,AG10
mOTS_word_cc3,kid,lh,FG3,0,AG10
mOTS_word_cc3,kid,lh,FG4,0.246376811594203,AG10
mOTS_word_cc3,kid,lh,FG1,0,AyS10
mOTS_word_cc3,kid,lh,FG2,0.111111111111111,AyS10
mOTS_word_cc3,kid,lh,FG3,0,AyS10
mOTS_word_cc3,kid,lh,FG4,0.888888888888889,AyS10
mOTS_word_cc3,kid,lh,FG1,0,CGSA11
mOTS_word_cc3,kid,lh,FG2,0,CGSA11
mOTS_word_cc3,kid,lh,FG3,0.0045662100456621,CGSA11
mOTS_word_cc3,kid,lh,FG4,0.995433789954338,CGSA11
mOTS_word_cc3,kid,lh,FG1,0,CLC06
mOTS_word_cc3,kid,lh,FG2,0.0256410256410256,CLC06
mOTS_word_cc3,kid,lh,FG3,0.041025641025641,CLC06
mOTS_word_cc3,kid,lh,FG4,0.933333333333333,CLC06
mOTS_word_cc3,kid,lh,FG1,0,CS11
mOTS_word_cc3,kid,lh,FG2,0,CS11
mOTS_word_cc3,kid,lh,FG3,0,CS11
mOTS_word_cc3,kid,lh,FG4,1,CS11
mOTS_word_cc3,kid,lh,FG1,0,GEJA09
mOTS_word_cc3,kid,lh,FG2,0.52,GEJA09
mOTS_word_cc3,kid,lh,FG3,0,GEJA09
mOTS_word_cc3,kid,lh,FG4,0.464,GEJA09
mOTS_word_cc3,kid,lh,FG1,0,INW06
mOTS_word_cc3,kid,lh,FG2,0,INW06
mOTS_word_cc3,kid,lh,FG3,0,INW06
mOTS_word_cc3,kid,lh,FG4,1,INW06
mOTS_word_cc3,kid,lh,FG1,0,JDB11
mOTS_word_cc3,kid,lh,FG2,0,JDB11
mOTS_word_cc3,kid,lh,FG3,0,JDB11
mOTS_word_cc3,kid,lh,FG4,1,JDB11
mOTS_word_cc3,kid,lh,FG1,0,JTE11
mOTS_word_cc3,kid,lh,FG2,0,JTE11
mOTS_word_cc3,kid,lh,FG3,0,JTE11
mOTS_word_cc3,kid,lh,FG4,1,JTE11
mOTS_word_cc3,kid,lh,FG1,0,KW10
mOTS_word_cc3,kid,lh,FG2,0.0212765957446809,KW10
mOTS_word_cc3,kid,lh,FG3,0,KW10
mOTS_word_cc3,kid,lh,FG4,0.978723404255319,KW10
mOTS_word_cc3,kid,lh,FG1,0,LEE09
mOTS_word_cc3,kid,lh,FG2,0,LEE09
mOTS_word_cc3,kid,lh,FG3,0,LEE09
mOTS_word_cc3,kid,lh,FG4,0.123655913978495,LEE09
mOTS_word_cc3,kid,lh,FG1,0,LL11
mOTS_word_cc3,kid,lh,FG2,0,LL11
mOTS_word_cc3,kid,lh,FG3,0,LL11
mOTS_word_cc3,kid,lh,FG4,1,LL11
mOTS_word_cc3,kid,lh,FG1,0,MFC11
mOTS_word_cc3,kid,lh,FG2,0,MFC11
mOTS_word_cc3,kid,lh,FG3,0,MFC11
mOTS_word_cc3,kid,lh,FG4,1,MFC11
mOTS_word_cc3,kid,lh,FG1,0,RHSA06
mOTS_word_cc3,kid,lh,FG2,0.00892857142857143,RHSA06
mOTS_word_cc3,kid,lh,FG3,0,RHSA06
mOTS_word_cc3,kid,lh,FG4,0.866071428571429,RHSA06
mOTS_word_cc3,kid,lh,FG1,0,RJ09
mOTS_word_cc3,kid,lh,FG2,0,RJ09
mOTS_word_cc3,kid,lh,FG3,0,RJ09
mOTS_word_cc3,kid,lh,FG4,1,RJ09
mOTS_word_cc3,kid,lh,FG1,0,RJM10
mOTS_word_cc3,kid,lh,FG2,0.11978465679677,RJM10
mOTS_word_cc3,kid,lh,FG3,0,RJM10
mOTS_word_cc3,kid,lh,FG4,0.29878869448183,RJM10
mOTS_word_cc3,kid,lh,FG1,0,SDS07
mOTS_word_cc3,kid,lh,FG2,0.0909090909090909,SDS07
mOTS_word_cc3,kid,lh,FG3,0,SDS07
mOTS_word_cc3,kid,lh,FG4,0.909090909090909,SDS07
mOTS_word_cc3,kid,lh,FG1,0,SERA10
mOTS_word_cc3,kid,lh,FG2,0.00174520069808028,SERA10
mOTS_word_cc3,kid,lh,FG3,0,SERA10
mOTS_word_cc3,kid,lh,FG4,0.282722513089005,SERA10
mOTS_word_cc3,kid,lh,FG1,0,SM08
mOTS_word_cc3,kid,lh,FG2,0.00638977635782748,SM08
mOTS_word_cc3,kid,lh,FG3,0,SM08
mOTS_word_cc3,kid,lh,FG4,0.258785942492013,SM08
mOTS_word_cc3,kid,lh,FG1,0,STM10
mOTS_word_cc3,kid,lh,FG2,0.0195121951219512,STM10
mOTS_word_cc3,kid,lh,FG3,0,STM10
mOTS_word_cc3,kid,lh,FG4,0.302439024390244,STM10
pOTS_word_cc3,kid,lh,FG1,0,AG10
pOTS_word_cc3,kid,lh,FG2,0.0903083700440529,AG10
pOTS_word_cc3,kid,lh,FG3,0,AG10
pOTS_word_cc3,kid,lh,FG4,0.0220264317180617,AG10
pOTS_word_cc3,kid,lh,FG1,0,CGSA11
pOTS_word_cc3,kid,lh,FG2,0.0884450784593438,CGSA11
pOTS_word_cc3,kid,lh,FG3,0,CGSA11
pOTS_word_cc3,kid,lh,FG4,0.179743223965763,CGSA11
pOTS_word_cc3,kid,lh,FG1,0,CLC06
pOTS_word_cc3,kid,lh,FG2,0,CLC06
pOTS_word_cc3,kid,lh,FG3,0,CLC06
pOTS_word_cc3,kid,lh,FG4,0.218241042345277,CLC06
pOTS_word_cc3,kid,lh,FG1,0,CS11
pOTS_word_cc3,kid,lh,FG2,0.206666666666667,CS11
pOTS_word_cc3,kid,lh,FG3,0,CS11
pOTS_word_cc3,kid,lh,FG4,0.237777777777778,CS11
pOTS_word_cc3,kid,lh,FG1,0,GEJA09
pOTS_word_cc3,kid,lh,FG2,0.551155115511551,GEJA09
pOTS_word_cc3,kid,lh,FG3,0,GEJA09
pOTS_word_cc3,kid,lh,FG4,0,GEJA09
pOTS_word_cc3,kid,lh,FG1,0,INW06
pOTS_word_cc3,kid,lh,FG2,0.636363636363636,INW06
pOTS_word_cc3,kid,lh,FG3,0,INW06
pOTS_word_cc3,kid,lh,FG4,0,INW06
pOTS_word_cc3,kid,lh,FG1,0,JDB11
pOTS_word_cc3,kid,lh,FG2,0.0441176470588235,JDB11
pOTS_word_cc3,kid,lh,FG3,0,JDB11
pOTS_word_cc3,kid,lh,FG4,0.823529411764706,JDB11
pOTS_word_cc3,kid,lh,FG1,0,KW10
pOTS_word_cc3,kid,lh,FG2,0.151960784313725,KW10
pOTS_word_cc3,kid,lh,FG3,0,KW10
pOTS_word_cc3,kid,lh,FG4,0.176470588235294,KW10
pOTS_word_cc3,kid,lh,FG1,0,LEE09
pOTS_word_cc3,kid,lh,FG2,0.25,LEE09
pOTS_word_cc3,kid,lh,FG3,0,LEE09
pOTS_word_cc3,kid,lh,FG4,0,LEE09
pOTS_word_cc3,kid,lh,FG1,0,LL11
pOTS_word_cc3,kid,lh,FG2,0.12531017369727,LL11
pOTS_word_cc3,kid,lh,FG3,0,LL11
pOTS_word_cc3,kid,lh,FG4,0.323821339950372,LL11
pOTS_word_cc3,kid,lh,FG1,0,MFC11
pOTS_word_cc3,kid,lh,FG2,0,MFC11
pOTS_word_cc3,kid,lh,FG3,0,MFC11
pOTS_word_cc3,kid,lh,FG4,0.625,MFC11
pOTS_word_cc3,kid,lh,FG1,0,OS12
pOTS_word_cc3,kid,lh,FG2,0.275590551181102,OS12
pOTS_word_cc3,kid,lh,FG3,0,OS12
pOTS_word_cc3,kid,lh,FG4,0.724409448818898,OS12
pOTS_word_cc3,kid,lh,FG1,0.00950570342205323,RHSA06
pOTS_word_cc3,kid,lh,FG2,0.486692015209125,RHSA06
pOTS_word_cc3,kid,lh,FG3,0,RHSA06
pOTS_word_cc3,kid,lh,FG4,0,RHSA06
pOTS_word_cc3,kid,lh,FG1,0,RJM10
pOTS_word_cc3,kid,lh,FG2,0.470588235294118,RJM10
pOTS_word_cc3,kid,lh,FG3,0,RJM10
pOTS_word_cc3,kid,lh,FG4,0,RJM10
pOTS_word_cc3,kid,lh,FG1,0,SDS07
pOTS_word_cc3,kid,lh,FG2,0.676056338028169,SDS07
pOTS_word_cc3,kid,lh,FG3,0,SDS07
pOTS_word_cc3,kid,lh,FG4,0.0028169014084507,SDS07
pOTS_word_cc3,kid,lh,FG1,0,SERA10
pOTS_word_cc3,kid,lh,FG2,0,SERA10
pOTS_word_cc3,kid,lh,FG3,0,SERA10
pOTS_word_cc3,kid,lh,FG4,0,SERA10
pOTS_word_cc3,kid,lh,FG1,0.0149625935162095,SM08
pOTS_word_cc3,kid,lh,FG2,0.458852867830424,SM08
pOTS_word_cc3,kid,lh,FG3,0,SM08
pOTS_word_cc3,kid,lh,FG4,0,SM08
PPA_Placeshouses_cc3,kid,lh,FG1,0,AG10
PPA_Placeshouses_cc3,kid,lh,FG2,0,AG10
PPA_Placeshouses_cc3,kid,lh,FG3,0.531152647975078,AG10
PPA_Placeshouses_cc3,kid,lh,FG4,0,AG10
PPA_Placeshouses_cc3,kid,lh,FG1,0,AlS07
PPA_Placeshouses_cc3,kid,lh,FG2,0,AlS07
PPA_Placeshouses_cc3,kid,lh,FG3,0.749049429657795,AlS07
PPA_Placeshouses_cc3,kid,lh,FG4,0,AlS07
PPA_Placeshouses_cc3,kid,lh,FG1,0,AyS10
PPA_Placeshouses_cc3,kid,lh,FG2,0,AyS10
PPA_Placeshouses_cc3,kid,lh,FG3,0.46530612244898,AyS10
PPA_Placeshouses_cc3,kid,lh,FG4,0,AyS10
PPA_Placeshouses_cc3,kid,lh,FG1,0.12111801242236,CGSA11
PPA_Placeshouses_cc3,kid,lh,FG2,0.0641821946169772,CGSA11
PPA_Placeshouses_cc3,kid,lh,FG3,0.566252587991718,CGSA11
PPA_Placeshouses_cc3,kid,lh,FG4,0.0082815734989648,CGSA11
PPA_Placeshouses_cc3,kid,lh,FG1,0,CLC06
PPA_Placeshouses_cc3,kid,lh,FG2,0,CLC06
PPA_Placeshouses_cc3,kid,lh,FG3,0.6375,CLC06
PPA_Placeshouses_cc3,kid,lh,FG4,0,CLC06
PPA_Placeshouses_cc3,kid,lh,FG1,0,CS11
PPA_Placeshouses_cc3,kid,lh,FG2,0,CS11
PPA_Placeshouses_cc3,kid,lh,FG3,0.517412935323383,CS11
PPA_Placeshouses_cc3,kid,lh,FG4,0,CS11
PPA_Placeshouses_cc3,kid,lh,FG1,0,DAPA10
PPA_Placeshouses_cc3,kid,lh,FG2,0,DAPA10
PPA_Placeshouses_cc3,kid,lh,FG3,0.638235294117647,DAPA10
PPA_Placeshouses_cc3,kid,lh,FG4,0,DAPA10
PPA_Placeshouses_cc3,kid,lh,FG1,0,GEJA09
PPA_Placeshouses_cc3,kid,lh,FG2,0,GEJA09
PPA_Placeshouses_cc3,kid,lh,FG3,0.77196261682243,GEJA09
PPA_Placeshouses_cc3,kid,lh,FG4,0,GEJA09
PPA_Placeshouses_cc3,kid,lh,FG1,0,INW06
PPA_Placeshouses_cc3,kid,lh,FG2,0,INW06
PPA_Placeshouses_cc3,kid,lh,FG3,0.802184466019418,INW06
PPA_Placeshouses_cc3,kid,lh,FG4,0,INW06
PPA_Placeshouses_cc3,kid,lh,FG1,0,JDB11
PPA_Placeshouses_cc3,kid,lh,FG2,0,JDB11
PPA_Placeshouses_cc3,kid,lh,FG3,0.561643835616438,JDB11
PPA_Placeshouses_cc3,kid,lh,FG4,0,JDB11
PPA_Placeshouses_cc3,kid,lh,FG1,0,JTE11
PPA_Placeshouses_cc3,kid,lh,FG2,0,JTE11
PPA_Placeshouses_cc3,kid,lh,FG3,0.960264900662252,JTE11
PPA_Placeshouses_cc3,kid,lh,FG4,0,JTE11
PPA_Placeshouses_cc3,kid,lh,FG1,0,KW10
PPA_Placeshouses_cc3,kid,lh,FG2,0,KW10
PPA_Placeshouses_cc3,kid,lh,FG3,0.49236641221374,KW10
PPA_Placeshouses_cc3,kid,lh,FG4,0,KW10
PPA_Placeshouses_cc3,kid,lh,FG1,0,LEE09
PPA_Placeshouses_cc3,kid,lh,FG2,0,LEE09
PPA_Placeshouses_cc3,kid,lh,FG3,0.779187817258883,LEE09
PPA_Placeshouses_cc3,kid,lh,FG4,0,LEE09
PPA_Placeshouses_cc3,kid,lh,FG1,0.0049813200498132,LL11
PPA_Placeshouses_cc3,kid,lh,FG2,0,LL11
PPA_Placeshouses_cc3,kid,lh,FG3,0.540473225404732,LL11
PPA_Placeshouses_cc3,kid,lh,FG4,0,LL11
PPA_Placeshouses_cc3,kid,lh,FG1,0,MDT09
PPA_Placeshouses_cc3,kid,lh,FG2,0,MDT09
PPA_Placeshouses_cc3,kid,lh,FG3,0.667634252539913,MDT09
PPA_Placeshouses_cc3,kid,lh,FG4,0,MDT09
PPA_Placeshouses_cc3,kid,lh,FG1,0.00198019801980198,MEC05
PPA_Placeshouses_cc3,kid,lh,FG2,0,MEC05
PPA_Placeshouses_cc3,kid,lh,FG3,0.602970297029703,MEC05
PPA_Placeshouses_cc3,kid,lh,FG4,0,MEC05
PPA_Placeshouses_cc3,kid,lh,FG1,0,MFC11
PPA_Placeshouses_cc3,kid,lh,FG2,0,MFC11
PPA_Placeshouses_cc3,kid,lh,FG3,0.68705035971223,MFC11
PPA_Placeshouses_cc3,kid,lh,FG4,0,MFC11
PPA_Placeshouses_cc3,kid,lh,FG1,0,NW10
PPA_Placeshouses_cc3,kid,lh,FG2,0,NW10
PPA_Placeshouses_cc3,kid,lh,FG3,0.621722846441948,NW10
PPA_Placeshouses_cc3,kid,lh,FG4,0,NW10
PPA_Placeshouses_cc3,kid,lh,FG1,0,OS12
PPA_Placeshouses_cc3,kid,lh,FG2,0,OS12
PPA_Placeshouses_cc3,kid,lh,FG3,0.53757225433526,OS12
PPA_Placeshouses_cc3,kid,lh,FG4,0,OS12
PPA_Placeshouses_cc3,kid,lh,FG1,0,RHSA06
PPA_Placeshouses_cc3,kid,lh,FG2,0,RHSA06
PPA_Placeshouses_cc3,kid,lh,FG3,0.696932515337423,RHSA06
PPA_Placeshouses_cc3,kid,lh,FG4,0,RHSA06
PPA_Placeshouses_cc3,kid,lh,FG1,0,RJM10
PPA_Placeshouses_cc3,kid,lh,FG2,0,RJM10
PPA_Placeshouses_cc3,kid,lh,FG3,0.511677282377919,RJM10
PPA_Placeshouses_cc3,kid,lh,FG4,0,RJM10
PPA_Placeshouses_cc3,kid,lh,FG1,0.910714285714286,SDS07
PPA_Placeshouses_cc3,kid,lh,FG2,0,SDS07
PPA_Placeshouses_cc3,kid,lh,FG3,0.0892857142857143,SDS07
PPA_Placeshouses_cc3,kid,lh,FG4,0,SDS07
PPA_Placeshouses_cc3,kid,lh,FG1,0,SERA10
PPA_Placeshouses_cc3,kid,lh,FG2,0,SERA10
PPA_Placeshouses_cc3,kid,lh,FG3,0.831649831649832,SERA10
PPA_Placeshouses_cc3,kid,lh,FG4,0,SERA10
PPA_Placeshouses_cc3,kid,lh,FG1,0,SM08
PPA_Placeshouses_cc3,kid,lh,FG2,0,SM08
PPA_Placeshouses_cc3,kid,lh,FG3,0.496760259179266,SM08
PPA_Placeshouses_cc3,kid,lh,FG4,0,SM08
PPA_Placeshouses_cc3,kid,lh,FG1,0,STM10
PPA_Placeshouses_cc3,kid,lh,FG2,0,STM10
PPA_Placeshouses_cc3,kid,lh,FG3,0.736394557823129,STM10
PPA_Placeshouses_cc3,kid,lh,FG4,0,STM10
PPA_Placeshouses_cc3,kid,lh,FG1,0,ZCM05
PPA_Placeshouses_cc3,kid,lh,FG2,0,ZCM05
PPA_Placeshouses_cc3,kid,lh,FG3,0.683804627249357,ZCM05
PPA_Placeshouses_cc3,kid,lh,FG4,0,ZCM05
OTS_Bodies_cc3,kid,lh,FG1,0,AG10
OTS_Bodies_cc3,kid,lh,FG2,0.0655487804878049,AG10
OTS_Bodies_cc3,kid,lh,FG3,0,AG10
OTS_Bodies_cc3,kid,lh,FG4,0.708841463414634,AG10
OTS_Bodies_cc3,kid,lh,FG1,0,AlS07
OTS_Bodies_cc3,kid,lh,FG2,0,AlS07
OTS_Bodies_cc3,kid,lh,FG3,0,AlS07
OTS_Bodies_cc3,kid,lh,FG4,0.93015332197615,AlS07
OTS_Bodies_cc3,kid,lh,FG1,0,AyS10
OTS_Bodies_cc3,kid,lh,FG2,0,AyS10
OTS_Bodies_cc3,kid,lh,FG3,0,AyS10
OTS_Bodies_cc3,kid,lh,FG4,1,AyS10
OTS_Bodies_cc3,kid,lh,FG1,0,CGSA11
OTS_Bodies_cc3,kid,lh,FG2,0,CGSA11
OTS_Bodies_cc3,kid,lh,FG3,0,CGSA11
OTS_Bodies_cc3,kid,lh,FG4,0.858407079646018,CGSA11
OTS_Bodies_cc3,kid,lh,FG1,0,CLC06
OTS_Bodies_cc3,kid,lh,FG2,0.0352941176470588,CLC06
OTS_Bodies_cc3,kid,lh,FG3,0,CLC06
OTS_Bodies_cc3,kid,lh,FG4,0.925490196078431,CLC06
OTS_Bodies_cc3,kid,lh,FG1,0,CS11
OTS_Bodies_cc3,kid,lh,FG2,0,CS11
OTS_Bodies_cc3,kid,lh,FG3,0,CS11
OTS_Bodies_cc3,kid,lh,FG4,1,CS11
OTS_Bodies_cc3,kid,lh,FG1,0,DAPA10
OTS_Bodies_cc3,kid,lh,FG2,0.707070707070707,DAPA10
OTS_Bodies_cc3,kid,lh,FG3,0,DAPA10
OTS_Bodies_cc3,kid,lh,FG4,0.191919191919192,DAPA10
OTS_Bodies_cc3,kid,lh,FG1,0,GEJA09
OTS_Bodies_cc3,kid,lh,FG2,0.4,GEJA09
OTS_Bodies_cc3,kid,lh,FG3,0,GEJA09
OTS_Bodies_cc3,kid,lh,FG4,0.6,GEJA09
OTS_Bodies_cc3,kid,lh,FG1,0,INW06
OTS_Bodies_cc3,kid,lh,FG2,0,INW06
OTS_Bodies_cc3,kid,lh,FG3,0,INW06
OTS_Bodies_cc3,kid,lh,FG4,1,INW06
OTS_Bodies_cc3,kid,lh,FG1,0,JDB11
OTS_Bodies_cc3,kid,lh,FG2,0,JDB11
OTS_Bodies_cc3,kid,lh,FG3,0,JDB11
OTS_Bodies_cc3,kid,lh,FG4,1,JDB11
OTS_Bodies_cc3,kid,lh,FG1,0,JTE11
OTS_Bodies_cc3,kid,lh,FG2,0.173076923076923,JTE11
OTS_Bodies_cc3,kid,lh,FG3,0,JTE11
OTS_Bodies_cc3,kid,lh,FG4,0.403846153846154,JTE11
OTS_Bodies_cc3,kid,lh,FG1,0,KW10
OTS_Bodies_cc3,kid,lh,FG2,0,KW10
OTS_Bodies_cc3,kid,lh,FG3,0,KW10
OTS_Bodies_cc3,kid,lh,FG4,0.936170212765957,KW10
OTS_Bodies_cc3,kid,lh,FG1,0,LEE09
OTS_Bodies_cc3,kid,lh,FG2,0.228571428571429,LEE09
OTS_Bodies_cc3,kid,lh,FG3,0,LEE09
OTS_Bodies_cc3,kid,lh,FG4,0.685714285714286,LEE09
OTS_Bodies_cc3,kid,lh,FG1,0,MDT09
OTS_Bodies_cc3,kid,lh,FG2,0.0714285714285714,MDT09
OTS_Bodies_cc3,kid,lh,FG3,0,MDT09
OTS_Bodies_cc3,kid,lh,FG4,0.928571428571429,MDT09
OTS_Bodies_cc3,kid,lh,FG1,0,MEC05
OTS_Bodies_cc3,kid,lh,FG2,0,MEC05
OTS_Bodies_cc3,kid,lh,FG3,0,MEC05
OTS_Bodies_cc3,kid,lh,FG4,1,MEC05
OTS_Bodies_cc3,kid,lh,FG1,0,MFC11
OTS_Bodies_cc3,kid,lh,FG2,0.00364963503649635,MFC11
OTS_Bodies_cc3,kid,lh,FG3,0,MFC11
OTS_Bodies_cc3,kid,lh,FG4,0.992700729927007,MFC11
OTS_Bodies_cc3,kid,lh,FG1,0,NW10
OTS_Bodies_cc3,kid,lh,FG2,0.0101522842639594,NW10
OTS_Bodies_cc3,kid,lh,FG3,0,NW10
OTS_Bodies_cc3,kid,lh,FG4,0.989847715736041,NW10
OTS_Bodies_cc3,kid,lh,FG1,0.0117647058823529,OS12
OTS_Bodies_cc3,kid,lh,FG2,0.0882352941176471,OS12
OTS_Bodies_cc3,kid,lh,FG3,0.0235294117647059,OS12
OTS_Bodies_cc3,kid,lh,FG4,0.876470588235294,OS12
OTS_Bodies_cc3,kid,lh,FG1,0,RHSA06
OTS_Bodies_cc3,kid,lh,FG2,0.196564885496183,RHSA06
OTS_Bodies_cc3,kid,lh,FG3,0,RHSA06
OTS_Bodies_cc3,kid,lh,FG4,0.791984732824427,RHSA06
OTS_Bodies_cc3,kid,lh,FG1,0,RJ09
OTS_Bodies_cc3,kid,lh,FG2,0,RJ09
OTS_Bodies_cc3,kid,lh,FG3,0,RJ09
OTS_Bodies_cc3,kid,lh,FG4,0.131578947368421,RJ09
OTS_Bodies_cc3,kid,lh,FG1,0,RJM10
OTS_Bodies_cc3,kid,lh,FG2,0,RJM10
OTS_Bodies_cc3,kid,lh,FG3,0.0789473684210526,RJM10
OTS_Bodies_cc3,kid,lh,FG4,0.921052631578947,RJM10
OTS_Bodies_cc3,kid,lh,FG1,0.294117647058824,SDS07
OTS_Bodies_cc3,kid,lh,FG2,0.705882352941177,SDS07
OTS_Bodies_cc3,kid,lh,FG3,0,SDS07
OTS_Bodies_cc3,kid,lh,FG4,0,SDS07
OTS_Bodies_cc3,kid,lh,FG1,0,SERA10
OTS_Bodies_cc3,kid,lh,FG2,0.938679245283019,SERA10
OTS_Bodies_cc3,kid,lh,FG3,0,SERA10
OTS_Bodies_cc3,kid,lh,FG4,0.0235849056603774,SERA10
OTS_Bodies_cc3,kid,lh,FG1,0,SM08
OTS_Bodies_cc3,kid,lh,FG2,0.42962962962963,SM08
OTS_Bodies_cc3,kid,lh,FG3,0,SM08
OTS_Bodies_cc3,kid,lh,FG4,0.57037037037037,SM08
OTS_Bodies_cc3,kid,lh,FG1,0,STM10
OTS_Bodies_cc3,kid,lh,FG2,0,STM10
OTS_Bodies_cc3,kid,lh,FG3,0,STM10
OTS_Bodies_cc3,kid,lh,FG4,1,STM10
OTS_Bodies_cc3,kid,lh,FG1,0.00819672131147541,ZCM05
OTS_Bodies_cc3,kid,lh,FG2,0.348360655737705,ZCM05
OTS_Bodies_cc3,kid,lh,FG3,0.0491803278688525,ZCM05
OTS_Bodies_cc3,kid,lh,FG4,0.536885245901639,ZCM05
mFus_Faces_cc3,kid,rh,FG1,0,AG10
mFus_Faces_cc3,kid,rh,FG2,0,AG10
mFus_Faces_cc3,kid,rh,FG3,0,AG10
mFus_Faces_cc3,kid,rh,FG4,0.794871794871795,AG10
mFus_Faces_cc3,kid,rh,FG1,0,AlS07
mFus_Faces_cc3,kid,rh,FG2,0.316455696202532,AlS07
mFus_Faces_cc3,kid,rh,FG3,0,AlS07
mFus_Faces_cc3,kid,rh,FG4,0.683544303797468,AlS07
mFus_Faces_cc3,kid,rh,FG1,0,AyS10
mFus_Faces_cc3,kid,rh,FG2,0,AyS10
mFus_Faces_cc3,kid,rh,FG3,0.121546961325967,AyS10
mFus_Faces_cc3,kid,rh,FG4,0.850828729281768,AyS10
mFus_Faces_cc3,kid,rh,FG1,0,CGSA11
mFus_Faces_cc3,kid,rh,FG2,0,CGSA11
mFus_Faces_cc3,kid,rh,FG3,0,CGSA11
mFus_Faces_cc3,kid,rh,FG4,0.4375,CGSA11
mFus_Faces_cc3,kid,rh,FG1,0,CLC06
mFus_Faces_cc3,kid,rh,FG2,0.0574712643678161,CLC06
mFus_Faces_cc3,kid,rh,FG3,0,CLC06
mFus_Faces_cc3,kid,rh,FG4,0.942528735632184,CLC06
mFus_Faces_cc3,kid,rh,FG1,0,CS11
mFus_Faces_cc3,kid,rh,FG2,0.108108108108108,CS11
mFus_Faces_cc3,kid,rh,FG3,0.207207207207207,CS11
mFus_Faces_cc3,kid,rh,FG4,0.684684684684685,CS11
mFus_Faces_cc3,kid,rh,FG1,0,GEJA09
mFus_Faces_cc3,kid,rh,FG2,0.298969072164948,GEJA09
mFus_Faces_cc3,kid,rh,FG3,0,GEJA09
mFus_Faces_cc3,kid,rh,FG4,0.701030927835051,GEJA09
mFus_Faces_cc3,kid,rh,FG1,0,JDB11
mFus_Faces_cc3,kid,rh,FG2,0,JDB11
mFus_Faces_cc3,kid,rh,FG3,0.0576923076923077,JDB11
mFus_Faces_cc3,kid,rh,FG4,0.923076923076923,JDB11
mFus_Faces_cc3,kid,rh,FG1,0,JTE11
mFus_Faces_cc3,kid,rh,FG2,0,JTE11
mFus_Faces_cc3,kid,rh,FG3,0.0355029585798817,JTE11
mFus_Faces_cc3,kid,rh,FG4,0.964497041420118,JTE11
mFus_Faces_cc3,kid,rh,FG1,0,KW10
mFus_Faces_cc3,kid,rh,FG2,0.0847457627118644,KW10
mFus_Faces_cc3,kid,rh,FG3,0,KW10
mFus_Faces_cc3,kid,rh,FG4,0.915254237288136,KW10
mFus_Faces_cc3,kid,rh,FG1,0.00943396226415094,LL11
mFus_Faces_cc3,kid,rh,FG2,0,LL11
mFus_Faces_cc3,kid,rh,FG3,0.235849056603774,LL11
mFus_Faces_cc3,kid,rh,FG4,0.754716981132076,LL11
mFus_Faces_cc3,kid,rh,FG1,0,MDT09
mFus_Faces_cc3,kid,rh,FG2,0,MDT09
mFus_Faces_cc3,kid,rh,FG3,0,MDT09
mFus_Faces_cc3,kid,rh,FG4,0.74468085106383,MDT09
mFus_Faces_cc3,kid,rh,FG1,0,MEC05
mFus_Faces_cc3,kid,rh,FG2,0.0178571428571429,MEC05
mFus_Faces_cc3,kid,rh,FG3,0,MEC05
mFus_Faces_cc3,kid,rh,FG4,0.982142857142857,MEC05
mFus_Faces_cc3,kid,rh,FG1,0,MFC11
mFus_Faces_cc3,kid,rh,FG2,0,MFC11
mFus_Faces_cc3,kid,rh,FG3,0.0126582278481013,MFC11
mFus_Faces_cc3,kid,rh,FG4,0.987341772151899,MFC11
mFus_Faces_cc3,kid,rh,FG1,0,NW10
mFus_Faces_cc3,kid,rh,FG2,0,NW10
mFus_Faces_cc3,kid,rh,FG3,0,NW10
mFus_Faces_cc3,kid,rh,FG4,0.5,NW10
mFus_Faces_cc3,kid,rh,FG1,0,OS12
mFus_Faces_cc3,kid,rh,FG2,0.0119840213049268,OS12
mFus_Faces_cc3,kid,rh,FG3,0,OS12
mFus_Faces_cc3,kid,rh,FG4,0.906790945406125,OS12
mFus_Faces_cc3,kid,rh,FG1,0,RHSA06
mFus_Faces_cc3,kid,rh,FG2,0.0521739130434783,RHSA06
mFus_Faces_cc3,kid,rh,FG3,0.0826086956521739,RHSA06
mFus_Faces_cc3,kid,rh,FG4,0.865217391304348,RHSA06
mFus_Faces_cc3,kid,rh,FG1,0,RJ09
mFus_Faces_cc3,kid,rh,FG2,0,RJ09
mFus_Faces_cc3,kid,rh,FG3,0.0133333333333333,RJ09
mFus_Faces_cc3,kid,rh,FG4,0.533333333333333,RJ09
mFus_Faces_cc3,kid,rh,FG1,0,RJM10
mFus_Faces_cc3,kid,rh,FG2,0,RJM10
mFus_Faces_cc3,kid,rh,FG3,0,RJM10
mFus_Faces_cc3,kid,rh,FG4,1,RJM10
mFus_Faces_cc3,kid,rh,FG1,0,SERA10
mFus_Faces_cc3,kid,rh,FG2,0,SERA10
mFus_Faces_cc3,kid,rh,FG3,0,SERA10
mFus_Faces_cc3,kid,rh,FG4,0.977777777777778,SERA10
mFus_Faces_cc3,kid,rh,FG1,0,SM08
mFus_Faces_cc3,kid,rh,FG2,0,SM08
mFus_Faces_cc3,kid,rh,FG3,0,SM08
mFus_Faces_cc3,kid,rh,FG4,1,SM08
mFus_Faces_cc3,kid,rh,FG1,0,STM10
mFus_Faces_cc3,kid,rh,FG2,0.382978723404255,STM10
mFus_Faces_cc3,kid,rh,FG3,0.0638297872340425,STM10
mFus_Faces_cc3,kid,rh,FG4,0.553191489361702,STM10
mFus_Faces_cc3,kid,rh,FG1,0,ZCM05
mFus_Faces_cc3,kid,rh,FG2,0,ZCM05
mFus_Faces_cc3,kid,rh,FG3,0,ZCM05
mFus_Faces_cc3,kid,rh,FG4,1,ZCM05
pFus_Faces_cc3,kid,rh,FG1,0,AG10
pFus_Faces_cc3,kid,rh,FG2,0,AG10
pFus_Faces_cc3,kid,rh,FG3,0,AG10
pFus_Faces_cc3,kid,rh,FG4,0.790960451977401,AG10
pFus_Faces_cc3,kid,rh,FG1,0,AyS10
pFus_Faces_cc3,kid,rh,FG2,0.0666666666666667,AyS10
pFus_Faces_cc3,kid,rh,FG3,0,AyS10
pFus_Faces_cc3,kid,rh,FG4,0.933333333333333,AyS10
pFus_Faces_cc3,kid,rh,FG1,0,CGSA11
pFus_Faces_cc3,kid,rh,FG2,0,CGSA11
pFus_Faces_cc3,kid,rh,FG3,0,CGSA11
pFus_Faces_cc3,kid,rh,FG4,0.764976958525346,CGSA11
pFus_Faces_cc3,kid,rh,FG1,0.294117647058824,CLC06
pFus_Faces_cc3,kid,rh,FG2,0.647058823529412,CLC06
pFus_Faces_cc3,kid,rh,FG3,0,CLC06
pFus_Faces_cc3,kid,rh,FG4,0.0588235294117647,CLC06
pFus_Faces_cc3,kid,rh,FG1,0,DAPA10
pFus_Faces_cc3,kid,rh,FG2,1,DAPA10
pFus_Faces_cc3,kid,rh,FG3,0,DAPA10
pFus_Faces_cc3,kid,rh,FG4,0,DAPA10
pFus_Faces_cc3,kid,rh,FG1,0,INW06
pFus_Faces_cc3,kid,rh,FG2,0.333333333333333,INW06
pFus_Faces_cc3,kid,rh,FG3,0,INW06
pFus_Faces_cc3,kid,rh,FG4,0.666666666666667,INW06
pFus_Faces_cc3,kid,rh,FG1,0.289308176100629,JDB11
pFus_Faces_cc3,kid,rh,FG2,0.710691823899371,JDB11
pFus_Faces_cc3,kid,rh,FG3,0,JDB11
pFus_Faces_cc3,kid,rh,FG4,0,JDB11
pFus_Faces_cc3,kid,rh,FG1,0,LEE09
pFus_Faces_cc3,kid,rh,FG2,0.0571428571428571,LEE09
pFus_Faces_cc3,kid,rh,FG3,0.0714285714285714,LEE09
pFus_Faces_cc3,kid,rh,FG4,0.861904761904762,LEE09
pFus_Faces_cc3,kid,rh,FG1,0,MDT09
pFus_Faces_cc3,kid,rh,FG2,1,MDT09
pFus_Faces_cc3,kid,rh,FG3,0,MDT09
pFus_Faces_cc3,kid,rh,FG4,0,MDT09
pFus_Faces_cc3,kid,rh,FG1,0.363636363636364,MEC05
pFus_Faces_cc3,kid,rh,FG2,0.636363636363636,MEC05
pFus_Faces_cc3,kid,rh,FG3,0,MEC05
pFus_Faces_cc3,kid,rh,FG4,0,MEC05
pFus_Faces_cc3,kid,rh,FG1,0.145631067961165,MFC11
pFus_Faces_cc3,kid,rh,FG2,0.854368932038835,MFC11
pFus_Faces_cc3,kid,rh,FG3,0,MFC11
pFus_Faces_cc3,kid,rh,FG4,0,MFC11
pFus_Faces_cc3,kid,rh,FG1,0,NW10
pFus_Faces_cc3,kid,rh,FG2,0.449392712550607,NW10
pFus_Faces_cc3,kid,rh,FG3,0,NW10
pFus_Faces_cc3,kid,rh,FG4,0.550607287449393,NW10
pFus_Faces_cc3,kid,rh,FG1,0.0248756218905473,OS12
pFus_Faces_cc3,kid,rh,FG2,0.880597014925373,OS12
pFus_Faces_cc3,kid,rh,FG3,0,OS12
pFus_Faces_cc3,kid,rh,FG4,0.0895522388059701,OS12
pFus_Faces_cc3,kid,rh,FG1,0.347490347490348,RHSA06
pFus_Faces_cc3,kid,rh,FG2,0.567567567567568,RHSA06
pFus_Faces_cc3,kid,rh,FG3,0,RHSA06
pFus_Faces_cc3,kid,rh,FG4,0.0849420849420849,RHSA06
pFus_Faces_cc3,kid,rh,FG1,0,RJ09
pFus_Faces_cc3,kid,rh,FG2,0.0131578947368421,RJ09
pFus_Faces_cc3,kid,rh,FG3,0.0855263157894737,RJ09
pFus_Faces_cc3,kid,rh,FG4,0.901315789473684,RJ09
pFus_Faces_cc3,kid,rh,FG1,0,RJM10
pFus_Faces_cc3,kid,rh,FG2,0.768181818181818,RJM10
pFus_Faces_cc3,kid,rh,FG3,0,RJM10
pFus_Faces_cc3,kid,rh,FG4,0,RJM10
pFus_Faces_cc3,kid,rh,FG1,0.460869565217391,SERA10
pFus_Faces_cc3,kid,rh,FG2,0.539130434782609,SERA10
pFus_Faces_cc3,kid,rh,FG3,0,SERA10
pFus_Faces_cc3,kid,rh,FG4,0,SERA10
pFus_Faces_cc3,kid,rh,FG1,0.0975609756097561,ZCM05
pFus_Faces_cc3,kid,rh,FG2,0.829268292682927,ZCM05
pFus_Faces_cc3,kid,rh,FG3,0,ZCM05
pFus_Faces_cc3,kid,rh,FG4,0,ZCM05
mOTS_word_cc3,kid,rh,FG1,0,CS11
mOTS_word_cc3,kid,rh,FG2,0.12962962962963,CS11
mOTS_word_cc3,kid,rh,FG3,0,CS11
mOTS_word_cc3,kid,rh,FG4,0.592592592592593,CS11
mOTS_word_cc3,kid,rh,FG1,0,GEJA09
mOTS_word_cc3,kid,rh,FG2,0,GEJA09
mOTS_word_cc3,kid,rh,FG3,0,GEJA09
mOTS_word_cc3,kid,rh,FG4,0.152941176470588,GEJA09
mOTS_word_cc3,kid,rh,FG1,0.122727272727273,SERA10
mOTS_word_cc3,kid,rh,FG2,0.427272727272727,SERA10
mOTS_word_cc3,kid,rh,FG3,0.0681818181818182,SERA10
mOTS_word_cc3,kid,rh,FG4,0.381818181818182,SERA10
pOTS_word_cc3,kid,rh,FG1,0,AG10
pOTS_word_cc3,kid,rh,FG2,0.742424242424242,AG10
pOTS_word_cc3,kid,rh,FG3,0,AG10
pOTS_word_cc3,kid,rh,FG4,0.174242424242424,AG10
pOTS_word_cc3,kid,rh,FG1,0,AyS10
pOTS_word_cc3,kid,rh,FG2,0.0784313725490196,AyS10
pOTS_word_cc3,kid,rh,FG3,0,AyS10
pOTS_word_cc3,kid,rh,FG4,0,AyS10
pOTS_word_cc3,kid,rh,FG1,0,CGSA11
pOTS_word_cc3,kid,rh,FG2,0.0648148148148148,CGSA11
pOTS_word_cc3,kid,rh,FG3,0,CGSA11
pOTS_word_cc3,kid,rh,FG4,0,CGSA11
pOTS_word_cc3,kid,rh,FG1,0.0168539325842697,CLC06
pOTS_word_cc3,kid,rh,FG2,0.0674157303370786,CLC06
pOTS_word_cc3,kid,rh,FG3,0,CLC06
pOTS_word_cc3,kid,rh,FG4,0,CLC06
pOTS_word_cc3,kid,rh,FG1,0,CS11
pOTS_word_cc3,kid,rh,FG2,0.760869565217391,CS11
pOTS_word_cc3,kid,rh,FG3,0,CS11
pOTS_word_cc3,kid,rh,FG4,0.0072463768115942,CS11
pOTS_word_cc3,kid,rh,FG1,0,INW06
pOTS_word_cc3,kid,rh,FG2,0.824074074074074,INW06
pOTS_word_cc3,kid,rh,FG3,0,INW06
pOTS_word_cc3,kid,rh,FG4,0.157407407407407,INW06
pOTS_word_cc3,kid,rh,FG1,0,JDB11
pOTS_word_cc3,kid,rh,FG2,0,JDB11
pOTS_word_cc3,kid,rh,FG3,0,JDB11
pOTS_word_cc3,kid,rh,FG4,0,JDB11
pOTS_word_cc3,kid,rh,FG1,0.0769230769230769,KW10
pOTS_word_cc3,kid,rh,FG2,0.358974358974359,KW10
pOTS_word_cc3,kid,rh,FG3,0,KW10
pOTS_word_cc3,kid,rh,FG4,0,KW10
pOTS_word_cc3,kid,rh,FG1,0,MEC05
pOTS_word_cc3,kid,rh,FG2,1,MEC05
pOTS_word_cc3,kid,rh,FG3,0,MEC05
pOTS_word_cc3,kid,rh,FG4,0,MEC05
pOTS_word_cc3,kid,rh,FG1,0,NW10
pOTS_word_cc3,kid,rh,FG2,1,NW10
pOTS_word_cc3,kid,rh,FG3,0,NW10
pOTS_word_cc3,kid,rh,FG4,0,NW10
pOTS_word_cc3,kid,rh,FG1,0.156118143459916,RHSA06
pOTS_word_cc3,kid,rh,FG2,0.822784810126582,RHSA06
pOTS_word_cc3,kid,rh,FG3,0,RHSA06
pOTS_word_cc3,kid,rh,FG4,0,RHSA06
pOTS_word_cc3,kid,rh,FG1,0,SDS07
pOTS_word_cc3,kid,rh,FG2,0.934065934065934,SDS07
pOTS_word_cc3,kid,rh,FG3,0,SDS07
pOTS_word_cc3,kid,rh,FG4,0.0659340659340659,SDS07
PPA_Placeshouses_cc3,kid,rh,FG1,0,AG10
PPA_Placeshouses_cc3,kid,rh,FG2,0,AG10
PPA_Placeshouses_cc3,kid,rh,FG3,0.696145124716553,AG10
PPA_Placeshouses_cc3,kid,rh,FG4,0,AG10
PPA_Placeshouses_cc3,kid,rh,FG1,0.0115440115440115,AlS07
PPA_Placeshouses_cc3,kid,rh,FG2,0,AlS07
PPA_Placeshouses_cc3,kid,rh,FG3,0.770562770562771,AlS07
PPA_Placeshouses_cc3,kid,rh,FG4,0,AlS07
PPA_Placeshouses_cc3,kid,rh,FG1,0.0051413881748072,AyS10
PPA_Placeshouses_cc3,kid,rh,FG2,0,AyS10
PPA_Placeshouses_cc3,kid,rh,FG3,0.83547557840617,AyS10
PPA_Placeshouses_cc3,kid,rh,FG4,0.012853470437018,AyS10
PPA_Placeshouses_cc3,kid,rh,FG1,0.25,CGSA11
PPA_Placeshouses_cc3,kid,rh,FG2,0,CGSA11
PPA_Placeshouses_cc3,kid,rh,FG3,0.412451361867704,CGSA11
PPA_Placeshouses_cc3,kid,rh,FG4,0.000972762645914397,CGSA11
PPA_Placeshouses_cc3,kid,rh,FG1,0.135240572171652,CLC06
PPA_Placeshouses_cc3,kid,rh,FG2,0,CLC06
PPA_Placeshouses_cc3,kid,rh,FG3,0.318595578673602,CLC06
PPA_Placeshouses_cc3,kid,rh,FG4,0,CLC06
PPA_Placeshouses_cc3,kid,rh,FG1,0.0303260045489007,CS11
PPA_Placeshouses_cc3,kid,rh,FG2,0,CS11
PPA_Placeshouses_cc3,kid,rh,FG3,0.738438210765732,CS11
PPA_Placeshouses_cc3,kid,rh,FG4,0.00530705079605762,CS11
PPA_Placeshouses_cc3,kid,rh,FG1,0.0551905387647832,DAPA10
PPA_Placeshouses_cc3,kid,rh,FG2,0,DAPA10
PPA_Placeshouses_cc3,kid,rh,FG3,0.771353482260184,DAPA10
PPA_Placeshouses_cc3,kid,rh,FG4,0,DAPA10
PPA_Placeshouses_cc3,kid,rh,FG1,0,GEJA09
PPA_Placeshouses_cc3,kid,rh,FG2,0,GEJA09
PPA_Placeshouses_cc3,kid,rh,FG3,0.765840220385675,GEJA09
PPA_Placeshouses_cc3,kid,rh,FG4,0,GEJA09
PPA_Placeshouses_cc3,kid,rh,FG1,0.0141843971631206,INW06
PPA_Placeshouses_cc3,kid,rh,FG2,0,INW06
PPA_Placeshouses_cc3,kid,rh,FG3,0.873522458628842,INW06
PPA_Placeshouses_cc3,kid,rh,FG4,0,INW06
PPA_Placeshouses_cc3,kid,rh,FG1,0.0165745856353591,JDB11
PPA_Placeshouses_cc3,kid,rh,FG2,0,JDB11
PPA_Placeshouses_cc3,kid,rh,FG3,0.948434622467772,JDB11
PPA_Placeshouses_cc3,kid,rh,FG4,0.00368324125230203,JDB11
PPA_Placeshouses_cc3,kid,rh,FG1,0,JTE11
PPA_Placeshouses_cc3,kid,rh,FG2,0,JTE11
PPA_Placeshouses_cc3,kid,rh,FG3,0.501501501501502,JTE11
PPA_Placeshouses_cc3,kid,rh,FG4,0,JTE11
PPA_Placeshouses_cc3,kid,rh,FG1,0,KW10
PPA_Placeshouses_cc3,kid,rh,FG2,0,KW10
PPA_Placeshouses_cc3,kid,rh,FG3,0.45643153526971,KW10
PPA_Placeshouses_cc3,kid,rh,FG4,0,KW10
PPA_Placeshouses_cc3,kid,rh,FG1,0,LEE09
PPA_Placeshouses_cc3,kid,rh,FG2,0,LEE09
PPA_Placeshouses_cc3,kid,rh,FG3,0.437054631828979,LEE09
PPA_Placeshouses_cc3,kid,rh,FG4,0,LEE09
PPA_Placeshouses_cc3,kid,rh,FG1,0,LL11
PPA_Placeshouses_cc3,kid,rh,FG2,0,LL11
PPA_Placeshouses_cc3,kid,rh,FG3,0.217687074829932,LL11
PPA_Placeshouses_cc3,kid,rh,FG4,0,LL11
PPA_Placeshouses_cc3,kid,rh,FG1,0.026431718061674,MDT09
PPA_Placeshouses_cc3,kid,rh,FG2,0,MDT09
PPA_Placeshouses_cc3,kid,rh,FG3,0.931718061674009,MDT09
PPA_Placeshouses_cc3,kid,rh,FG4,0.0242290748898678,MDT09
PPA_Placeshouses_cc3,kid,rh,FG1,0,MEC05
PPA_Placeshouses_cc3,kid,rh,FG2,0,MEC05
PPA_Placeshouses_cc3,kid,rh,FG3,0.676245210727969,MEC05
PPA_Placeshouses_cc3,kid,rh,FG4,0.0114942528735632,MEC05
PPA_Placeshouses_cc3,kid,rh,FG1,0,MFC11
PPA_Placeshouses_cc3,kid,rh,FG2,0,MFC11
PPA_Placeshouses_cc3,kid,rh,FG3,0.789986091794159,MFC11
PPA_Placeshouses_cc3,kid,rh,FG4,0,MFC11
PPA_Placeshouses_cc3,kid,rh,FG1,0,NW10
PPA_Placeshouses_cc3,kid,rh,FG2,0,NW10
PPA_Placeshouses_cc3,kid,rh,FG3,0.924749163879599,NW10
PPA_Placeshouses_cc3,kid,rh,FG4,0,NW10
PPA_Placeshouses_cc3,kid,rh,FG1,0.0284280936454849,OS12
PPA_Placeshouses_cc3,kid,rh,FG2,0,OS12
PPA_Placeshouses_cc3,kid,rh,FG3,0.792642140468227,OS12
PPA_Placeshouses_cc3,kid,rh,FG4,0.0284280936454849,OS12
PPA_Placeshouses_cc3,kid,rh,FG1,0.00289855072463768,RHSA06
PPA_Placeshouses_cc3,kid,rh,FG2,0,RHSA06
PPA_Placeshouses_cc3,kid,rh,FG3,0.729468599033816,RHSA06
PPA_Placeshouses_cc3,kid,rh,FG4,0,RHSA06
PPA_Placeshouses_cc3,kid,rh,FG1,0.0049079754601227,RJM10
PPA_Placeshouses_cc3,kid,rh,FG2,0,RJM10
PPA_Placeshouses_cc3,kid,rh,FG3,0.678527607361963,RJM10
PPA_Placeshouses_cc3,kid,rh,FG4,0,RJM10
PPA_Placeshouses_cc3,kid,rh,FG1,0,SDS07
PPA_Placeshouses_cc3,kid,rh,FG2,0,SDS07
PPA_Placeshouses_cc3,kid,rh,FG3,0.593155893536122,SDS07
PPA_Placeshouses_cc3,kid,rh,FG4,0.212927756653992,SDS07
PPA_Placeshouses_cc3,kid,rh,FG1,0,SERA10
PPA_Placeshouses_cc3,kid,rh,FG2,0,SERA10
PPA_Placeshouses_cc3,kid,rh,FG3,0.978494623655914,SERA10
PPA_Placeshouses_cc3,kid,rh,FG4,0.010752688172043,SERA10
PPA_Placeshouses_cc3,kid,rh,FG1,0.00434782608695652,SM08
PPA_Placeshouses_cc3,kid,rh,FG2,0,SM08
PPA_Placeshouses_cc3,kid,rh,FG3,0.784782608695652,SM08
PPA_Placeshouses_cc3,kid,rh,FG4,0,SM08
PPA_Placeshouses_cc3,kid,rh,FG1,0.187840290381125,STM10
PPA_Placeshouses_cc3,kid,rh,FG2,0,STM10
PPA_Placeshouses_cc3,kid,rh,FG3,0.611615245009074,STM10
PPA_Placeshouses_cc3,kid,rh,FG4,0.000907441016333938,STM10
PPA_Placeshouses_cc3,kid,rh,FG1,0,ZCM05
PPA_Placeshouses_cc3,kid,rh,FG2,0,ZCM05
PPA_Placeshouses_cc3,kid,rh,FG3,0.518886679920477,ZCM05
PPA_Placeshouses_cc3,kid,rh,FG4,0,ZCM05
OTS_Bodies_cc3,kid,rh,FG1,0,AG10
OTS_Bodies_cc3,kid,rh,FG2,0.00638297872340425,AG10
OTS_Bodies_cc3,kid,rh,FG3,0,AG10
OTS_Bodies_cc3,kid,rh,FG4,0.895744680851064,AG10
OTS_Bodies_cc3,kid,rh,FG1,0.0821917808219178,AlS07
OTS_Bodies_cc3,kid,rh,FG2,0.143835616438356,AlS07
OTS_Bodies_cc3,kid,rh,FG3,0,AlS07
OTS_Bodies_cc3,kid,rh,FG4,0,AlS07
OTS_Bodies_cc3,kid,rh,FG1,0,AyS10
OTS_Bodies_cc3,kid,rh,FG2,0,AyS10
OTS_Bodies_cc3,kid,rh,FG3,0,AyS10
OTS_Bodies_cc3,kid,rh,FG4,0.738617200674536,AyS10
OTS_Bodies_cc3,kid,rh,FG1,0,CGSA11
OTS_Bodies_cc3,kid,rh,FG2,0,CGSA11
OTS_Bodies_cc3,kid,rh,FG3,0,CGSA11
OTS_Bodies_cc3,kid,rh,FG4,0.962686567164179,CGSA11
OTS_Bodies_cc3,kid,rh,FG1,0,DAPA10
OTS_Bodies_cc3,kid,rh,FG2,0.198979591836735,DAPA10
OTS_Bodies_cc3,kid,rh,FG3,0,DAPA10
OTS_Bodies_cc3,kid,rh,FG4,0.414965986394558,DAPA10
OTS_Bodies_cc3,kid,rh,FG1,0,INW06
OTS_Bodies_cc3,kid,rh,FG2,0.119724375538329,INW06
OTS_Bodies_cc3,kid,rh,FG3,0,INW06
OTS_Bodies_cc3,kid,rh,FG4,0.000861326442721792,INW06
OTS_Bodies_cc3,kid,rh,FG1,0,JDB11
OTS_Bodies_cc3,kid,rh,FG2,0.350993377483444,JDB11
OTS_Bodies_cc3,kid,rh,FG3,0,JDB11
OTS_Bodies_cc3,kid,rh,FG4,0.649006622516556,JDB11
OTS_Bodies_cc3,kid,rh,FG1,0,JTE11
OTS_Bodies_cc3,kid,rh,FG2,0.282608695652174,JTE11
OTS_Bodies_cc3,kid,rh,FG3,0,JTE11
OTS_Bodies_cc3,kid,rh,FG4,0,JTE11
OTS_Bodies_cc3,kid,rh,FG1,0,KW10
OTS_Bodies_cc3,kid,rh,FG2,0,KW10
OTS_Bodies_cc3,kid,rh,FG3,0,KW10
OTS_Bodies_cc3,kid,rh,FG4,0.642857142857143,KW10
OTS_Bodies_cc3,kid,rh,FG1,0,LL11
OTS_Bodies_cc3,kid,rh,FG2,0,LL11
OTS_Bodies_cc3,kid,rh,FG3,0,LL11
OTS_Bodies_cc3,kid,rh,FG4,1,LL11
OTS_Bodies_cc3,kid,rh,FG1,0,MDT09
OTS_Bodies_cc3,kid,rh,FG2,0.0827586206896552,MDT09
OTS_Bodies_cc3,kid,rh,FG3,0,MDT09
OTS_Bodies_cc3,kid,rh,FG4,0.917241379310345,MDT09
OTS_Bodies_cc3,kid,rh,FG1,0,MEC05
OTS_Bodies_cc3,kid,rh,FG2,0.114068441064639,MEC05
OTS_Bodies_cc3,kid,rh,FG3,0,MEC05
OTS_Bodies_cc3,kid,rh,FG4,0.669201520912547,MEC05
OTS_Bodies_cc3,kid,rh,FG1,0,MFC11
OTS_Bodies_cc3,kid,rh,FG2,0,MFC11
OTS_Bodies_cc3,kid,rh,FG3,0,MFC11
OTS_Bodies_cc3,kid,rh,FG4,0.96031746031746,MFC11
OTS_Bodies_cc3,kid,rh,FG1,0,NW10
OTS_Bodies_cc3,kid,rh,FG2,0.0927152317880795,NW10
OTS_Bodies_cc3,kid,rh,FG3,0,NW10
OTS_Bodies_cc3,kid,rh,FG4,0.758278145695364,NW10
OTS_Bodies_cc3,kid,rh,FG1,0,OS12
OTS_Bodies_cc3,kid,rh,FG2,0.0340425531914894,OS12
OTS_Bodies_cc3,kid,rh,FG3,0,OS12
OTS_Bodies_cc3,kid,rh,FG4,0.948936170212766,OS12
OTS_Bodies_cc3,kid,rh,FG1,0,RHSA06
OTS_Bodies_cc3,kid,rh,FG2,0.0434153400868307,RHSA06
OTS_Bodies_cc3,kid,rh,FG3,0,RHSA06
OTS_Bodies_cc3,kid,rh,FG4,0.677279305354559,RHSA06
OTS_Bodies_cc3,kid,rh,FG1,0,RJ09
OTS_Bodies_cc3,kid,rh,FG2,0.476851851851852,RJ09
OTS_Bodies_cc3,kid,rh,FG3,0,RJ09
OTS_Bodies_cc3,kid,rh,FG4,0.00462962962962963,RJ09
OTS_Bodies_cc3,kid,rh,FG1,0,RJM10
OTS_Bodies_cc3,kid,rh,FG2,0.045822102425876,RJM10
OTS_Bodies_cc3,kid,rh,FG3,0,RJM10
OTS_Bodies_cc3,kid,rh,FG4,0.477088948787062,RJM10
OTS_Bodies_cc3,kid,rh,FG1,0,SDS07
OTS_Bodies_cc3,kid,rh,FG2,0.527331189710611,SDS07
OTS_Bodies_cc3,kid,rh,FG3,0,SDS07
OTS_Bodies_cc3,kid,rh,FG4,0.472668810289389,SDS07
OTS_Bodies_cc3,kid,rh,FG1,0,STM10
OTS_Bodies_cc3,kid,rh,FG2,0.438356164383562,STM10
OTS_Bodies_cc3,kid,rh,FG3,0,STM10
OTS_Bodies_cc3,kid,rh,FG4,0.561643835616438,STM10
OTS_Bodies_cc3,kid,rh,FG1,0,ZCM05
OTS_Bodies_cc3,kid,rh,FG2,0.0501193317422434,ZCM05
OTS_Bodies_cc3,kid,rh,FG3,0,ZCM05
OTS_Bodies_cc3,kid,rh,FG4,0.9236276849642,ZCM05
mFus_Faces_cc3,adult,lh,FG1,0,AD25
mFus_Faces_cc3,adult,lh,FG2,0,AD25
mFus_Faces_cc3,adult,lh,FG3,0,AD25
mFus_Faces_cc3,adult,lh,FG4,1,AD25
mFus_Faces_cc3,adult,lh,FG1,0,AI24
mFus_Faces_cc3,adult,lh,FG2,1,AI24
mFus_Faces_cc3,adult,lh,FG3,0,AI24
mFus_Faces_cc3,adult,lh,FG4,0,AI24
mFus_Faces_cc3,adult,lh,FG1,0.444444444444444,AWMS24
mFus_Faces_cc3,adult,lh,FG2,0.513888888888889,AWMS24
mFus_Faces_cc3,adult,lh,FG3,0,AWMS24
mFus_Faces_cc3,adult,lh,FG4,0.0416666666666667,AWMS24
mFus_Faces_cc3,adult,lh,FG1,0,BM24
mFus_Faces_cc3,adult,lh,FG2,0,BM24
mFus_Faces_cc3,adult,lh,FG3,0.323170731707317,BM24
mFus_Faces_cc3,adult,lh,FG4,0.676829268292683,BM24
mFus_Faces_cc3,adult,lh,FG1,0.373056994818653,CB24
mFus_Faces_cc3,adult,lh,FG2,0.202072538860104,CB24
mFus_Faces_cc3,adult,lh,FG3,0.129533678756477,CB24
mFus_Faces_cc3,adult,lh,FG4,0.295336787564767,CB24
mFus_Faces_cc3,adult,lh,FG1,0,CR24
mFus_Faces_cc3,adult,lh,FG2,0.0803571428571429,CR24
mFus_Faces_cc3,adult,lh,FG3,0,CR24
mFus_Faces_cc3,adult,lh,FG4,0.919642857142857,CR24
mFus_Faces_cc3,adult,lh,FG1,0,CS22
mFus_Faces_cc3,adult,lh,FG2,0,CS22
mFus_Faces_cc3,adult,lh,FG3,0,CS22
mFus_Faces_cc3,adult,lh,FG4,1,CS22
mFus_Faces_cc3,adult,lh,FG1,0,EA23
mFus_Faces_cc3,adult,lh,FG2,0.192982456140351,EA23
mFus_Faces_cc3,adult,lh,FG3,0.0307017543859649,EA23
mFus_Faces_cc3,adult,lh,FG4,0.776315789473684,EA23
mFus_Faces_cc3,adult,lh,FG1,0,JEW23
mFus_Faces_cc3,adult,lh,FG2,0,JEW23
mFus_Faces_cc3,adult,lh,FG3,0,JEW23
mFus_Faces_cc3,adult,lh,FG4,1,JEW23
mFus_Faces_cc3,adult,lh,FG1,0,JH22
mFus_Faces_cc3,adult,lh,FG2,0.0214067278287462,JH22
mFus_Faces_cc3,adult,lh,FG3,0,JH22
mFus_Faces_cc3,adult,lh,FG4,0.978593272171254,JH22
mFus_Faces_cc3,adult,lh,FG1,0,JP23
mFus_Faces_cc3,adult,lh,FG2,0.688888888888889,JP23
mFus_Faces_cc3,adult,lh,FG3,0,JP23
mFus_Faces_cc3,adult,lh,FG4,0.311111111111111,JP23
mFus_Faces_cc3,adult,lh,FG1,0,KG22
mFus_Faces_cc3,adult,lh,FG2,0.0542635658914729,KG22
mFus_Faces_cc3,adult,lh,FG3,0,KG22
mFus_Faces_cc3,adult,lh,FG4,0.945736434108527,KG22
mFus_Faces_cc3,adult,lh,FG1,0,LB23
mFus_Faces_cc3,adult,lh,FG2,0.111111111111111,LB23
mFus_Faces_cc3,adult,lh,FG3,0,LB23
mFus_Faces_cc3,adult,lh,FG4,0.888888888888889,LB23
mFus_Faces_cc3,adult,lh,FG1,0,MBA24
mFus_Faces_cc3,adult,lh,FG2,0,MBA24
mFus_Faces_cc3,adult,lh,FG3,0.345679012345679,MBA24
mFus_Faces_cc3,adult,lh,FG4,0.654320987654321,MBA24
mFus_Faces_cc3,adult,lh,FG1,0,MC26
mFus_Faces_cc3,adult,lh,FG2,0.0253164556962025,MC26
mFus_Faces_cc3,adult,lh,FG3,0,MC26
mFus_Faces_cc3,adult,lh,FG4,0.974683544303797,MC26
mFus_Faces_cc3,adult,lh,FG1,0,MJW22
mFus_Faces_cc3,adult,lh,FG2,0,MJW22
mFus_Faces_cc3,adult,lh,FG3,0.0481283422459893,MJW22
mFus_Faces_cc3,adult,lh,FG4,0.951871657754011,MJW22
mFus_Faces_cc3,adult,lh,FG1,0,ML23
mFus_Faces_cc3,adult,lh,FG2,0,ML23
mFus_Faces_cc3,adult,lh,FG3,0,ML23
mFus_Faces_cc3,adult,lh,FG4,1,ML23
mFus_Faces_cc3,adult,lh,FG1,0,MMC27
mFus_Faces_cc3,adult,lh,FG2,0.647058823529412,MMC27
mFus_Faces_cc3,adult,lh,FG3,0,MMC27
mFus_Faces_cc3,adult,lh,FG4,0.333333333333333,MMC27
mFus_Faces_cc3,adult,lh,FG1,0.421875,MSH28
mFus_Faces_cc3,adult,lh,FG2,0.421875,MSH28
mFus_Faces_cc3,adult,lh,FG3,0,MSH28
mFus_Faces_cc3,adult,lh,FG4,0.15625,MSH28
mFus_Faces_cc3,adult,lh,FG1,0,MW23
mFus_Faces_cc3,adult,lh,FG2,0.22279792746114,MW23
mFus_Faces_cc3,adult,lh,FG3,0,MW23
mFus_Faces_cc3,adult,lh,FG4,0.77720207253886,MW23
mFus_Faces_cc3,adult,lh,FG1,0,NC24
mFus_Faces_cc3,adult,lh,FG2,0.0377358490566038,NC24
mFus_Faces_cc3,adult,lh,FG3,0,NC24
mFus_Faces_cc3,adult,lh,FG4,0.962264150943396,NC24
mFus_Faces_cc3,adult,lh,FG1,0,SL23
mFus_Faces_cc3,adult,lh,FG2,0,SL23
mFus_Faces_cc3,adult,lh,FG3,0,SL23
mFus_Faces_cc3,adult,lh,FG4,1,SL23
mFus_Faces_cc3,adult,lh,FG1,0,TL24
mFus_Faces_cc3,adult,lh,FG2,0.461538461538462,TL24
mFus_Faces_cc3,adult,lh,FG3,0,TL24
mFus_Faces_cc3,adult,lh,FG4,0.538461538461538,TL24
mFus_Faces_cc3,adult,lh,FG1,0,jesse
mFus_Faces_cc3,adult,lh,FG2,0,jesse
mFus_Faces_cc3,adult,lh,FG3,0,jesse
mFus_Faces_cc3,adult,lh,FG4,1,jesse
mFus_Faces_cc3,adult,lh,FG1,0,michaelb
mFus_Faces_cc3,adult,lh,FG2,0.0314285714285714,michaelb
mFus_Faces_cc3,adult,lh,FG3,0,michaelb
mFus_Faces_cc3,adult,lh,FG4,0.968571428571429,michaelb
mFus_Faces_cc3,adult,lh,FG1,0,natalia
mFus_Faces_cc3,adult,lh,FG2,0.0821917808219178,natalia
mFus_Faces_cc3,adult,lh,FG3,0,natalia
mFus_Faces_cc3,adult,lh,FG4,0.89041095890411,natalia
pFus_Faces_cc3,adult,lh,FG1,0.0318840579710145,AD25
pFus_Faces_cc3,adult,lh,FG2,0.666666666666667,AD25
pFus_Faces_cc3,adult,lh,FG3,0,AD25
pFus_Faces_cc3,adult,lh,FG4,0.301449275362319,AD25
pFus_Faces_cc3,adult,lh,FG1,0,AI24
pFus_Faces_cc3,adult,lh,FG2,0.518248175182482,AI24
pFus_Faces_cc3,adult,lh,FG3,0,AI24
pFus_Faces_cc3,adult,lh,FG4,0,AI24
pFus_Faces_cc3,adult,lh,FG1,0.0982142857142857,AWMS24
pFus_Faces_cc3,adult,lh,FG2,0.848214285714286,AWMS24
pFus_Faces_cc3,adult,lh,FG3,0,AWMS24
pFus_Faces_cc3,adult,lh,FG4,0,AWMS24
pFus_Faces_cc3,adult,lh,FG1,0.49746192893401,BM24
pFus_Faces_cc3,adult,lh,FG2,0.482233502538071,BM24
pFus_Faces_cc3,adult,lh,FG3,0,BM24
pFus_Faces_cc3,adult,lh,FG4,0.0203045685279188,BM24
pFus_Faces_cc3,adult,lh,FG1,0,CS22
pFus_Faces_cc3,adult,lh,FG2,0.980769230769231,CS22
pFus_Faces_cc3,adult,lh,FG3,0,CS22
pFus_Faces_cc3,adult,lh,FG4,0,CS22
pFus_Faces_cc3,adult,lh,FG1,0,EA23
pFus_Faces_cc3,adult,lh,FG2,0.658682634730539,EA23
pFus_Faces_cc3,adult,lh,FG3,0,EA23
pFus_Faces_cc3,adult,lh,FG4,0,EA23
pFus_Faces_cc3,adult,lh,FG1,0,JEW23
pFus_Faces_cc3,adult,lh,FG2,0.137614678899083,JEW23
pFus_Faces_cc3,adult,lh,FG3,0,JEW23
pFus_Faces_cc3,adult,lh,FG4,0.862385321100917,JEW23
pFus_Faces_cc3,adult,lh,FG1,0.0294117647058824,JH22
pFus_Faces_cc3,adult,lh,FG2,0.970588235294118,JH22
pFus_Faces_cc3,adult,lh,FG3,0,JH22
pFus_Faces_cc3,adult,lh,FG4,0,JH22
pFus_Faces_cc3,adult,lh,FG1,0.192307692307692,JM25
pFus_Faces_cc3,adult,lh,FG2,0.490384615384615,JM25
pFus_Faces_cc3,adult,lh,FG3,0,JM25
pFus_Faces_cc3,adult,lh,FG4,0.317307692307692,JM25
pFus_Faces_cc3,adult,lh,FG1,0,JP23
pFus_Faces_cc3,adult,lh,FG2,0.920454545454545,JP23
pFus_Faces_cc3,adult,lh,FG3,0,JP23
pFus_Faces_cc3,adult,lh,FG4,0,JP23
pFus_Faces_cc3,adult,lh,FG1,0.0888888888888889,MBA24
pFus_Faces_cc3,adult,lh,FG2,0.822222222222222,MBA24
pFus_Faces_cc3,adult,lh,FG3,0,MBA24
pFus_Faces_cc3,adult,lh,FG4,0.0888888888888889,MBA24
pFus_Faces_cc3,adult,lh,FG1,0,MC26
pFus_Faces_cc3,adult,lh,FG2,0.666666666666667,MC26
pFus_Faces_cc3,adult,lh,FG3,0,MC26
pFus_Faces_cc3,adult,lh,FG4,0.333333333333333,MC26
pFus_Faces_cc3,adult,lh,FG1,0,MJW22
pFus_Faces_cc3,adult,lh,FG2,0.817307692307692,MJW22
pFus_Faces_cc3,adult,lh,FG3,0,MJW22
pFus_Faces_cc3,adult,lh,FG4,0,MJW22
pFus_Faces_cc3,adult,lh,FG1,0.0694444444444444,ML23
pFus_Faces_cc3,adult,lh,FG2,0.902777777777778,ML23
pFus_Faces_cc3,adult,lh,FG3,0,ML23
pFus_Faces_cc3,adult,lh,FG4,0,ML23
pFus_Faces_cc3,adult,lh,FG1,0,MMC27
pFus_Faces_cc3,adult,lh,FG2,0.796296296296296,MMC27
pFus_Faces_cc3,adult,lh,FG3,0,MMC27
pFus_Faces_cc3,adult,lh,FG4,0,MMC27
pFus_Faces_cc3,adult,lh,FG1,0.0555555555555556,MSH28
pFus_Faces_cc3,adult,lh,FG2,0,MSH28
pFus_Faces_cc3,adult,lh,FG3,0,MSH28
pFus_Faces_cc3,adult,lh,FG4,0,MSH28
pFus_Faces_cc3,adult,lh,FG1,0,SL23
pFus_Faces_cc3,adult,lh,FG2,0.0836363636363636,SL23
pFus_Faces_cc3,adult,lh,FG3,0,SL23
pFus_Faces_cc3,adult,lh,FG4,0,SL23
pFus_Faces_cc3,adult,lh,FG1,0,jesse
pFus_Faces_cc3,adult,lh,FG2,0.824175824175824,jesse
pFus_Faces_cc3,adult,lh,FG3,0,jesse
pFus_Faces_cc3,adult,lh,FG4,0.159340659340659,jesse
pFus_Faces_cc3,adult,lh,FG1,0.0159362549800797,michaelb
pFus_Faces_cc3,adult,lh,FG2,0.876494023904382,michaelb
pFus_Faces_cc3,adult,lh,FG3,0,michaelb
pFus_Faces_cc3,adult,lh,FG4,0.0956175298804781,michaelb
pFus_Faces_cc3,adult,lh,FG1,0,natalia
pFus_Faces_cc3,adult,lh,FG2,1,natalia
pFus_Faces_cc3,adult,lh,FG3,0,natalia
pFus_Faces_cc3,adult,lh,FG4,0,natalia
mOTS_word_cc3,adult,lh,FG1,0,AD25
mOTS_word_cc3,adult,lh,FG2,0.0268456375838926,AD25
mOTS_word_cc3,adult,lh,FG3,0,AD25
mOTS_word_cc3,adult,lh,FG4,0.832214765100671,AD25
mOTS_word_cc3,adult,lh,FG1,0,AI24
mOTS_word_cc3,adult,lh,FG2,0.178260869565217,AI24
mOTS_word_cc3,adult,lh,FG3,0,AI24
mOTS_word_cc3,adult,lh,FG4,0.0521739130434783,AI24
mOTS_word_cc3,adult,lh,FG1,0,CB24
mOTS_word_cc3,adult,lh,FG2,0.571428571428571,CB24
mOTS_word_cc3,adult,lh,FG3,0,CB24
mOTS_word_cc3,adult,lh,FG4,0.428571428571429,CB24
mOTS_word_cc3,adult,lh,FG1,0,CR24
mOTS_word_cc3,adult,lh,FG2,0,CR24
mOTS_word_cc3,adult,lh,FG3,0,CR24
mOTS_word_cc3,adult,lh,FG4,0.407407407407407,CR24
mOTS_word_cc3,adult,lh,FG1,0,CS22
mOTS_word_cc3,adult,lh,FG2,0,CS22
mOTS_word_cc3,adult,lh,FG3,0,CS22
mOTS_word_cc3,adult,lh,FG4,0.544715447154472,CS22
mOTS_word_cc3,adult,lh,FG1,0,GB23
mOTS_word_cc3,adult,lh,FG2,0.333333333333333,GB23
mOTS_word_cc3,adult,lh,FG3,0,GB23
mOTS_word_cc3,adult,lh,FG4,0.666666666666667,GB23
mOTS_word_cc3,adult,lh,FG1,0,JEW23
mOTS_word_cc3,adult,lh,FG2,0,JEW23
mOTS_word_cc3,adult,lh,FG3,0,JEW23
mOTS_word_cc3,adult,lh,FG4,1,JEW23
mOTS_word_cc3,adult,lh,FG1,0,JH22
mOTS_word_cc3,adult,lh,FG2,0.0069204152249135,JH22
mOTS_word_cc3,adult,lh,FG3,0,JH22
mOTS_word_cc3,adult,lh,FG4,0.688581314878893,JH22
mOTS_word_cc3,adult,lh,FG1,0,JM25
mOTS_word_cc3,adult,lh,FG2,0,JM25
mOTS_word_cc3,adult,lh,FG3,0,JM25
mOTS_word_cc3,adult,lh,FG4,1,JM25
mOTS_word_cc3,adult,lh,FG1,0,JP23
mOTS_word_cc3,adult,lh,FG2,0,JP23
mOTS_word_cc3,adult,lh,FG3,0,JP23
mOTS_word_cc3,adult,lh,FG4,1,JP23
mOTS_word_cc3,adult,lh,FG1,0,KG22
mOTS_word_cc3,adult,lh,FG2,0,KG22
mOTS_word_cc3,adult,lh,FG3,0,KG22
mOTS_word_cc3,adult,lh,FG4,0.621951219512195,KG22
mOTS_word_cc3,adult,lh,FG1,0,LB23
mOTS_word_cc3,adult,lh,FG2,0.0300751879699248,LB23
mOTS_word_cc3,adult,lh,FG3,0,LB23
mOTS_word_cc3,adult,lh,FG4,0.631578947368421,LB23
mOTS_word_cc3,adult,lh,FG1,0.00704225352112676,MBA24
mOTS_word_cc3,adult,lh,FG2,0.13556338028169,MBA24
mOTS_word_cc3,adult,lh,FG3,0,MBA24
mOTS_word_cc3,adult,lh,FG4,0.730633802816901,MBA24
mOTS_word_cc3,adult,lh,FG1,0,MC26
mOTS_word_cc3,adult,lh,FG2,0,MC26
mOTS_word_cc3,adult,lh,FG3,0,MC26
mOTS_word_cc3,adult,lh,FG4,0.181818181818182,MC26
mOTS_word_cc3,adult,lh,FG1,0,MJW22
mOTS_word_cc3,adult,lh,FG2,0,MJW22
mOTS_word_cc3,adult,lh,FG3,0,MJW22
mOTS_word_cc3,adult,lh,FG4,0.00940438871473354,MJW22
mOTS_word_cc3,adult,lh,FG1,0,ML23
mOTS_word_cc3,adult,lh,FG2,0.0208333333333333,ML23
mOTS_word_cc3,adult,lh,FG3,0,ML23
mOTS_word_cc3,adult,lh,FG4,0.979166666666667,ML23
mOTS_word_cc3,adult,lh,FG1,0,MMC27
mOTS_word_cc3,adult,lh,FG2,0,MMC27
mOTS_word_cc3,adult,lh,FG3,0,MMC27
mOTS_word_cc3,adult,lh,FG4,0,MMC27
mOTS_word_cc3,adult,lh,FG1,0,MSH28
mOTS_word_cc3,adult,lh,FG2,0,MSH28
mOTS_word_cc3,adult,lh,FG3,0,MSH28
mOTS_word_cc3,adult,lh,FG4,0,MSH28
mOTS_word_cc3,adult,lh,FG1,0,MW23
mOTS_word_cc3,adult,lh,FG2,0.115740740740741,MW23
mOTS_word_cc3,adult,lh,FG3,0,MW23
mOTS_word_cc3,adult,lh,FG4,0.654320987654321,MW23
mOTS_word_cc3,adult,lh,FG1,0,NC24
mOTS_word_cc3,adult,lh,FG2,0.260683760683761,NC24
mOTS_word_cc3,adult,lh,FG3,0,NC24
mOTS_word_cc3,adult,lh,FG4,0.318376068376068,NC24
mOTS_word_cc3,adult,lh,FG1,0,SL23
mOTS_word_cc3,adult,lh,FG2,0.0195121951219512,SL23
mOTS_word_cc3,adult,lh,FG3,0,SL23
mOTS_word_cc3,adult,lh,FG4,0.663414634146341,SL23
mOTS_word_cc3,adult,lh,FG1,0,TL24
mOTS_word_cc3,adult,lh,FG2,0,TL24
mOTS_word_cc3,adult,lh,FG3,0,TL24
mOTS_word_cc3,adult,lh,FG4,0.631578947368421,TL24
mOTS_word_cc3,adult,lh,FG1,0,jesse
mOTS_word_cc3,adult,lh,FG2,0,jesse
mOTS_word_cc3,adult,lh,FG3,0,jesse
mOTS_word_cc3,adult,lh,FG4,0.102719033232628,jesse
mOTS_word_cc3,adult,lh,FG1,0,michaelb
mOTS_word_cc3,adult,lh,FG2,0,michaelb
mOTS_word_cc3,adult,lh,FG3,0,michaelb
mOTS_word_cc3,adult,lh,FG4,1,michaelb
mOTS_word_cc3,adult,lh,FG1,0,natalia
mOTS_word_cc3,adult,lh,FG2,0,natalia
mOTS_word_cc3,adult,lh,FG3,0,natalia
mOTS_word_cc3,adult,lh,FG4,0.826530612244898,natalia
pOTS_word_cc3,adult,lh,FG1,0,AD25
pOTS_word_cc3,adult,lh,FG2,0.600358422939068,AD25
pOTS_word_cc3,adult,lh,FG3,0,AD25
pOTS_word_cc3,adult,lh,FG4,0.017921146953405,AD25
pOTS_word_cc3,adult,lh,FG1,0,AI24
pOTS_word_cc3,adult,lh,FG2,0.377906976744186,AI24
pOTS_word_cc3,adult,lh,FG3,0,AI24
pOTS_word_cc3,adult,lh,FG4,0,AI24
pOTS_word_cc3,adult,lh,FG1,0.0423728813559322,BM24
pOTS_word_cc3,adult,lh,FG2,0.385593220338983,BM24
pOTS_word_cc3,adult,lh,FG3,0,BM24
pOTS_word_cc3,adult,lh,FG4,0.0423728813559322,BM24
pOTS_word_cc3,adult,lh,FG1,0.0167597765363128,CB24
pOTS_word_cc3,adult,lh,FG2,0.921787709497207,CB24
pOTS_word_cc3,adult,lh,FG3,0,CB24
pOTS_word_cc3,adult,lh,FG4,0.0111731843575419,CB24
pOTS_word_cc3,adult,lh,FG1,0,CR24
pOTS_word_cc3,adult,lh,FG2,0.211640211640212,CR24
pOTS_word_cc3,adult,lh,FG3,0,CR24
pOTS_word_cc3,adult,lh,FG4,0.182539682539683,CR24
pOTS_word_cc3,adult,lh,FG1,0,CS22
pOTS_word_cc3,adult,lh,FG2,0.140235910878113,CS22
pOTS_word_cc3,adult,lh,FG3,0,CS22
pOTS_word_cc3,adult,lh,FG4,0.171690694626474,CS22
pOTS_word_cc3,adult,lh,FG1,0,GB23
pOTS_word_cc3,adult,lh,FG2,0.407335907335907,GB23
pOTS_word_cc3,adult,lh,FG3,0,GB23
pOTS_word_cc3,adult,lh,FG4,0.0135135135135135,GB23
pOTS_word_cc3,adult,lh,FG1,0,JEW23
pOTS_word_cc3,adult,lh,FG2,0.0327868852459016,JEW23
pOTS_word_cc3,adult,lh,FG3,0,JEW23
pOTS_word_cc3,adult,lh,FG4,0.585119798234552,JEW23
pOTS_word_cc3,adult,lh,FG1,0,JH22
pOTS_word_cc3,adult,lh,FG2,0.629251700680272,JH22
pOTS_word_cc3,adult,lh,FG3,0,JH22
pOTS_word_cc3,adult,lh,FG4,0.329931972789116,JH22
pOTS_word_cc3,adult,lh,FG1,0,JM25
pOTS_word_cc3,adult,lh,FG2,0.627450980392157,JM25
pOTS_word_cc3,adult,lh,FG3,0,JM25
pOTS_word_cc3,adult,lh,FG4,0.372549019607843,JM25
pOTS_word_cc3,adult,lh,FG1,0,JP23
pOTS_word_cc3,adult,lh,FG2,1,JP23
pOTS_word_cc3,adult,lh,FG3,0,JP23
pOTS_word_cc3,adult,lh,FG4,0,JP23
pOTS_word_cc3,adult,lh,FG1,0,KG22
pOTS_word_cc3,adult,lh,FG2,0.604519774011299,KG22
pOTS_word_cc3,adult,lh,FG3,0,KG22
pOTS_word_cc3,adult,lh,FG4,0.355932203389831,KG22
pOTS_word_cc3,adult,lh,FG1,0,LB23
pOTS_word_cc3,adult,lh,FG2,0.221374045801527,LB23
pOTS_word_cc3,adult,lh,FG3,0,LB23
pOTS_word_cc3,adult,lh,FG4,0.0305343511450382,LB23
pOTS_word_cc3,adult,lh,FG1,0,MBA24
pOTS_word_cc3,adult,lh,FG2,0.617391304347826,MBA24
pOTS_word_cc3,adult,lh,FG3,0,MBA24
pOTS_word_cc3,adult,lh,FG4,0.334782608695652,MBA24
pOTS_word_cc3,adult,lh,FG1,0,MC26
pOTS_word_cc3,adult,lh,FG2,0.253112033195021,MC26
pOTS_word_cc3,adult,lh,FG3,0,MC26
pOTS_word_cc3,adult,lh,FG4,0,MC26
pOTS_word_cc3,adult,lh,FG1,0,MJW22
pOTS_word_cc3,adult,lh,FG2,0.389084507042254,MJW22
pOTS_word_cc3,adult,lh,FG3,0,MJW22
pOTS_word_cc3,adult,lh,FG4,0.00176056338028169,MJW22
pOTS_word_cc3,adult,lh,FG1,0,ML23
pOTS_word_cc3,adult,lh,FG2,0.878787878787879,ML23
pOTS_word_cc3,adult,lh,FG3,0,ML23
pOTS_word_cc3,adult,lh,FG4,0.121212121212121,ML23
pOTS_word_cc3,adult,lh,FG1,0,MMC27
pOTS_word_cc3,adult,lh,FG2,0.168918918918919,MMC27
pOTS_word_cc3,adult,lh,FG3,0,MMC27
pOTS_word_cc3,adult,lh,FG4,0,MMC27
pOTS_word_cc3,adult,lh,FG1,0,MSH28
pOTS_word_cc3,adult,lh,FG2,0,MSH28
pOTS_word_cc3,adult,lh,FG3,0,MSH28
pOTS_word_cc3,adult,lh,FG4,0,MSH28
pOTS_word_cc3,adult,lh,FG1,0,MW23
pOTS_word_cc3,adult,lh,FG2,0.31283422459893,MW23
pOTS_word_cc3,adult,lh,FG3,0,MW23
pOTS_word_cc3,adult,lh,FG4,0.0588235294117647,MW23
pOTS_word_cc3,adult,lh,FG1,0.0621468926553672,NC24
pOTS_word_cc3,adult,lh,FG2,0.632768361581921,NC24
pOTS_word_cc3,adult,lh,FG3,0,NC24
pOTS_word_cc3,adult,lh,FG4,0,NC24
pOTS_word_cc3,adult,lh,FG1,0,SL23
pOTS_word_cc3,adult,lh,FG2,0.49047619047619,SL23
pOTS_word_cc3,adult,lh,FG3,0,SL23
pOTS_word_cc3,adult,lh,FG4,0,SL23
pOTS_word_cc3,adult,lh,FG1,0,TL24
pOTS_word_cc3,adult,lh,FG2,0.535714285714286,TL24
pOTS_word_cc3,adult,lh,FG3,0,TL24
pOTS_word_cc3,adult,lh,FG4,0,TL24
pOTS_word_cc3,adult,lh,FG1,0,jesse
pOTS_word_cc3,adult,lh,FG2,0.243781094527363,jesse
pOTS_word_cc3,adult,lh,FG3,0,jesse
pOTS_word_cc3,adult,lh,FG4,0.199004975124378,jesse
pOTS_word_cc3,adult,lh,FG1,0,michaelb
pOTS_word_cc3,adult,lh,FG2,0.221428571428571,michaelb
pOTS_word_cc3,adult,lh,FG3,0,michaelb
pOTS_word_cc3,adult,lh,FG4,0.310714285714286,michaelb
pOTS_word_cc3,adult,lh,FG1,0,natalia
pOTS_word_cc3,adult,lh,FG2,0.377272727272727,natalia
pOTS_word_cc3,adult,lh,FG3,0,natalia
pOTS_word_cc3,adult,lh,FG4,0.293181818181818,natalia
PPA_Placeshouses_cc3,adult,lh,FG1,0,AD25
PPA_Placeshouses_cc3,adult,lh,FG2,0,AD25
PPA_Placeshouses_cc3,adult,lh,FG3,0.9082774049217,AD25
PPA_Placeshouses_cc3,adult,lh,FG4,0,AD25
PPA_Placeshouses_cc3,adult,lh,FG1,0,AI24
PPA_Placeshouses_cc3,adult,lh,FG2,0,AI24
PPA_Placeshouses_cc3,adult,lh,FG3,0.56508875739645,AI24
PPA_Placeshouses_cc3,adult,lh,FG4,0,AI24
PPA_Placeshouses_cc3,adult,lh,FG1,0,AWMS24
PPA_Placeshouses_cc3,adult,lh,FG2,0,AWMS24
PPA_Placeshouses_cc3,adult,lh,FG3,0.967418546365915,AWMS24
PPA_Placeshouses_cc3,adult,lh,FG4,0,AWMS24
PPA_Placeshouses_cc3,adult,lh,FG1,0.0981856990394877,BM24
PPA_Placeshouses_cc3,adult,lh,FG2,0,BM24
PPA_Placeshouses_cc3,adult,lh,FG3,0.72358591248666,BM24
PPA_Placeshouses_cc3,adult,lh,FG4,0,BM24
PPA_Placeshouses_cc3,adult,lh,FG1,0,CB24
PPA_Placeshouses_cc3,adult,lh,FG2,0,CB24
PPA_Placeshouses_cc3,adult,lh,FG3,0.425101214574899,CB24
PPA_Placeshouses_cc3,adult,lh,FG4,0,CB24
PPA_Placeshouses_cc3,adult,lh,FG1,0,CR24
PPA_Placeshouses_cc3,adult,lh,FG2,0,CR24
PPA_Placeshouses_cc3,adult,lh,FG3,0.779291553133515,CR24
PPA_Placeshouses_cc3,adult,lh,FG4,0,CR24
PPA_Placeshouses_cc3,adult,lh,FG1,0.143236074270557,CS22
PPA_Placeshouses_cc3,adult,lh,FG2,0,CS22
PPA_Placeshouses_cc3,adult,lh,FG3,0.588859416445623,CS22
PPA_Placeshouses_cc3,adult,lh,FG4,0,CS22
PPA_Placeshouses_cc3,adult,lh,FG1,0,EA23
PPA_Placeshouses_cc3,adult,lh,FG2,0,EA23
PPA_Placeshouses_cc3,adult,lh,FG3,0.462365591397849,EA23
PPA_Placeshouses_cc3,adult,lh,FG4,0,EA23
PPA_Placeshouses_cc3,adult,lh,FG1,0,GB23
PPA_Placeshouses_cc3,adult,lh,FG2,0,GB23
PPA_Placeshouses_cc3,adult,lh,FG3,0.337931034482759,GB23
PPA_Placeshouses_cc3,adult,lh,FG4,0,GB23
PPA_Placeshouses_cc3,adult,lh,FG1,0,JEW23
PPA_Placeshouses_cc3,adult,lh,FG2,0,JEW23
PPA_Placeshouses_cc3,adult,lh,FG3,0.856382978723404,JEW23
PPA_Placeshouses_cc3,adult,lh,FG4,0.0465425531914894,JEW23
PPA_Placeshouses_cc3,adult,lh,FG1,0,JH22
PPA_Placeshouses_cc3,adult,lh,FG2,0,JH22
PPA_Placeshouses_cc3,adult,lh,FG3,0.762081784386617,JH22
PPA_Placeshouses_cc3,adult,lh,FG4,0,JH22
PPA_Placeshouses_cc3,adult,lh,FG1,0,JM25
PPA_Placeshouses_cc3,adult,lh,FG2,0,JM25
PPA_Placeshouses_cc3,adult,lh,FG3,0.974358974358974,JM25
PPA_Placeshouses_cc3,adult,lh,FG4,0,JM25
PPA_Placeshouses_cc3,adult,lh,FG1,0,JP23
PPA_Placeshouses_cc3,adult,lh,FG2,0,JP23
PPA_Placeshouses_cc3,adult,lh,FG3,0.493697478991597,JP23
PPA_Placeshouses_cc3,adult,lh,FG4,0,JP23
PPA_Placeshouses_cc3,adult,lh,FG1,0,KG22
PPA_Placeshouses_cc3,adult,lh,FG2,0,KG22
PPA_Placeshouses_cc3,adult,lh,FG3,0.536253776435045,KG22
PPA_Placeshouses_cc3,adult,lh,FG4,0,KG22
PPA_Placeshouses_cc3,adult,lh,FG1,0.030812324929972,LB23
PPA_Placeshouses_cc3,adult,lh,FG2,0,LB23
PPA_Placeshouses_cc3,adult,lh,FG3,0.739495798319328,LB23
PPA_Placeshouses_cc3,adult,lh,FG4,0,LB23
PPA_Placeshouses_cc3,adult,lh,FG1,0.153558052434457,MBA24
PPA_Placeshouses_cc3,adult,lh,FG2,0,MBA24
PPA_Placeshouses_cc3,adult,lh,FG3,0.744069912609238,MBA24
PPA_Placeshouses_cc3,adult,lh,FG4,0,MBA24
PPA_Placeshouses_cc3,adult,lh,FG1,0,MC26
PPA_Placeshouses_cc3,adult,lh,FG2,0,MC26
PPA_Placeshouses_cc3,adult,lh,FG3,0.75098814229249,MC26
PPA_Placeshouses_cc3,adult,lh,FG4,0,MC26
PPA_Placeshouses_cc3,adult,lh,FG1,0,MJW22
PPA_Placeshouses_cc3,adult,lh,FG2,0,MJW22
PPA_Placeshouses_cc3,adult,lh,FG3,0.687943262411348,MJW22
PPA_Placeshouses_cc3,adult,lh,FG4,0,MJW22
PPA_Placeshouses_cc3,adult,lh,FG1,0,ML23
PPA_Placeshouses_cc3,adult,lh,FG2,0,ML23
PPA_Placeshouses_cc3,adult,lh,FG3,0.574712643678161,ML23
PPA_Placeshouses_cc3,adult,lh,FG4,0,ML23
PPA_Placeshouses_cc3,adult,lh,FG1,0.0177514792899408,MMC27
PPA_Placeshouses_cc3,adult,lh,FG2,0,MMC27
PPA_Placeshouses_cc3,adult,lh,FG3,0.899408284023669,MMC27
PPA_Placeshouses_cc3,adult,lh,FG4,0,MMC27
PPA_Placeshouses_cc3,adult,lh,FG1,0.0125,MSH28
PPA_Placeshouses_cc3,adult,lh,FG2,0,MSH28
PPA_Placeshouses_cc3,adult,lh,FG3,0.1625,MSH28
PPA_Placeshouses_cc3,adult,lh,FG4,0,MSH28
PPA_Placeshouses_cc3,adult,lh,FG1,0.000792393026941363,MW23
PPA_Placeshouses_cc3,adult,lh,FG2,0,MW23
PPA_Placeshouses_cc3,adult,lh,FG3,0.846275752773376,MW23
PPA_Placeshouses_cc3,adult,lh,FG4,0,MW23
PPA_Placeshouses_cc3,adult,lh,FG1,0,NC24
PPA_Placeshouses_cc3,adult,lh,FG2,0,NC24
PPA_Placeshouses_cc3,adult,lh,FG3,0.879646017699115,NC24
PPA_Placeshouses_cc3,adult,lh,FG4,0,NC24
PPA_Placeshouses_cc3,adult,lh,FG1,0,SL23
PPA_Placeshouses_cc3,adult,lh,FG2,0,SL23
PPA_Placeshouses_cc3,adult,lh,FG3,0.740518962075848,SL23
PPA_Placeshouses_cc3,adult,lh,FG4,0,SL23
PPA_Placeshouses_cc3,adult,lh,FG1,0,TL24
PPA_Placeshouses_cc3,adult,lh,FG2,0,TL24
PPA_Placeshouses_cc3,adult,lh,FG3,0.684444444444444,TL24
PPA_Placeshouses_cc3,adult,lh,FG4,0,TL24
PPA_Placeshouses_cc3,adult,lh,FG1,0.113384484228474,jesse
PPA_Placeshouses_cc3,adult,lh,FG2,0,jesse
PPA_Placeshouses_cc3,adult,lh,FG3,0.515771526001705,jesse
PPA_Placeshouses_cc3,adult,lh,FG4,0,jesse
PPA_Placeshouses_cc3,adult,lh,FG1,0.151483050847458,michaelb
PPA_Placeshouses_cc3,adult,lh,FG2,0,michaelb
PPA_Placeshouses_cc3,adult,lh,FG3,0.600635593220339,michaelb
PPA_Placeshouses_cc3,adult,lh,FG4,0,michaelb
PPA_Placeshouses_cc3,adult,lh,FG1,0,natalia
PPA_Placeshouses_cc3,adult,lh,FG2,0,natalia
PPA_Placeshouses_cc3,adult,lh,FG3,0.728395061728395,natalia
PPA_Placeshouses_cc3,adult,lh,FG4,0,natalia
OTS_Bodies_cc3,adult,lh,FG1,0,AD25
OTS_Bodies_cc3,adult,lh,FG2,0,AD25
OTS_Bodies_cc3,adult,lh,FG3,0,AD25
OTS_Bodies_cc3,adult,lh,FG4,1,AD25
OTS_Bodies_cc3,adult,lh,FG1,0,AI24
OTS_Bodies_cc3,adult,lh,FG2,0.553956834532374,AI24
OTS_Bodies_cc3,adult,lh,FG3,0,AI24
OTS_Bodies_cc3,adult,lh,FG4,0,AI24
OTS_Bodies_cc3,adult,lh,FG1,0,AWMS24
OTS_Bodies_cc3,adult,lh,FG2,1,AWMS24
OTS_Bodies_cc3,adult,lh,FG3,0,AWMS24
OTS_Bodies_cc3,adult,lh,FG4,0,AWMS24
OTS_Bodies_cc3,adult,lh,FG1,0.110266159695817,BM24
OTS_Bodies_cc3,adult,lh,FG2,0.216730038022814,BM24
OTS_Bodies_cc3,adult,lh,FG3,0.144486692015209,BM24
OTS_Bodies_cc3,adult,lh,FG4,0.52851711026616,BM24
OTS_Bodies_cc3,adult,lh,FG1,0,CB24
OTS_Bodies_cc3,adult,lh,FG2,0.428571428571429,CB24
OTS_Bodies_cc3,adult,lh,FG3,0,CB24
OTS_Bodies_cc3,adult,lh,FG4,0.571428571428571,CB24
OTS_Bodies_cc3,adult,lh,FG1,0,CR24
OTS_Bodies_cc3,adult,lh,FG2,0.192307692307692,CR24
OTS_Bodies_cc3,adult,lh,FG3,0,CR24
OTS_Bodies_cc3,adult,lh,FG4,0.807692307692308,CR24
OTS_Bodies_cc3,adult,lh,FG1,0,CS22
OTS_Bodies_cc3,adult,lh,FG2,0,CS22
OTS_Bodies_cc3,adult,lh,FG3,0,CS22
OTS_Bodies_cc3,adult,lh,FG4,1,CS22
OTS_Bodies_cc3,adult,lh,FG1,0,EA23
OTS_Bodies_cc3,adult,lh,FG2,0.0178571428571429,EA23
OTS_Bodies_cc3,adult,lh,FG3,0,EA23
OTS_Bodies_cc3,adult,lh,FG4,0.375,EA23
OTS_Bodies_cc3,adult,lh,FG1,0,GB23
OTS_Bodies_cc3,adult,lh,FG2,0.172413793103448,GB23
OTS_Bodies_cc3,adult,lh,FG3,0,GB23
OTS_Bodies_cc3,adult,lh,FG4,0.827586206896552,GB23
OTS_Bodies_cc3,adult,lh,FG1,0,JEW23
OTS_Bodies_cc3,adult,lh,FG2,0,JEW23
OTS_Bodies_cc3,adult,lh,FG3,0,JEW23
OTS_Bodies_cc3,adult,lh,FG4,1,JEW23
OTS_Bodies_cc3,adult,lh,FG1,0,JH22
OTS_Bodies_cc3,adult,lh,FG2,0,JH22
OTS_Bodies_cc3,adult,lh,FG3,0,JH22
OTS_Bodies_cc3,adult,lh,FG4,1,JH22
OTS_Bodies_cc3,adult,lh,FG1,0,JM25
OTS_Bodies_cc3,adult,lh,FG2,0.0980392156862745,JM25
OTS_Bodies_cc3,adult,lh,FG3,0,JM25
OTS_Bodies_cc3,adult,lh,FG4,0.901960784313726,JM25
OTS_Bodies_cc3,adult,lh,FG1,0,JP23
OTS_Bodies_cc3,adult,lh,FG2,0.171140939597315,JP23
OTS_Bodies_cc3,adult,lh,FG3,0,JP23
OTS_Bodies_cc3,adult,lh,FG4,0.651006711409396,JP23
OTS_Bodies_cc3,adult,lh,FG1,0,KG22
OTS_Bodies_cc3,adult,lh,FG2,0,KG22
OTS_Bodies_cc3,adult,lh,FG3,0,KG22
OTS_Bodies_cc3,adult,lh,FG4,1,KG22
OTS_Bodies_cc3,adult,lh,FG1,0,LB23
OTS_Bodies_cc3,adult,lh,FG2,0,LB23
OTS_Bodies_cc3,adult,lh,FG3,0,LB23
OTS_Bodies_cc3,adult,lh,FG4,1,LB23
OTS_Bodies_cc3,adult,lh,FG1,0,MBA24
OTS_Bodies_cc3,adult,lh,FG2,0,MBA24
OTS_Bodies_cc3,adult,lh,FG3,0,MBA24
OTS_Bodies_cc3,adult,lh,FG4,1,MBA24
OTS_Bodies_cc3,adult,lh,FG1,0,MC26
OTS_Bodies_cc3,adult,lh,FG2,0,MC26
OTS_Bodies_cc3,adult,lh,FG3,0,MC26
OTS_Bodies_cc3,adult,lh,FG4,1,MC26
OTS_Bodies_cc3,adult,lh,FG1,0,ML23
OTS_Bodies_cc3,adult,lh,FG2,0.292307692307692,ML23
OTS_Bodies_cc3,adult,lh,FG3,0,ML23
OTS_Bodies_cc3,adult,lh,FG4,0.707692307692308,ML23
OTS_Bodies_cc3,adult,lh,FG1,0,MSH28
OTS_Bodies_cc3,adult,lh,FG2,0.416666666666667,MSH28
OTS_Bodies_cc3,adult,lh,FG3,0,MSH28
OTS_Bodies_cc3,adult,lh,FG4,0.583333333333333,MSH28
OTS_Bodies_cc3,adult,lh,FG1,0,MW23
OTS_Bodies_cc3,adult,lh,FG2,0,MW23
OTS_Bodies_cc3,adult,lh,FG3,0,MW23
OTS_Bodies_cc3,adult,lh,FG4,1,MW23
OTS_Bodies_cc3,adult,lh,FG1,0,TL24
OTS_Bodies_cc3,adult,lh,FG2,0.00492610837438424,TL24
OTS_Bodies_cc3,adult,lh,FG3,0,TL24
OTS_Bodies_cc3,adult,lh,FG4,0.995073891625616,TL24
OTS_Bodies_cc3,adult,lh,FG1,0,jesse
OTS_Bodies_cc3,adult,lh,FG2,0,jesse
OTS_Bodies_cc3,adult,lh,FG3,0,jesse
OTS_Bodies_cc3,adult,lh,FG4,1,jesse
mFus_Faces_cc3,adult,rh,FG1,0,AD25
mFus_Faces_cc3,adult,rh,FG2,0.253623188405797,AD25
mFus_Faces_cc3,adult,rh,FG3,0,AD25
mFus_Faces_cc3,adult,rh,FG4,0.746376811594203,AD25
mFus_Faces_cc3,adult,rh,FG1,0,AI24
mFus_Faces_cc3,adult,rh,FG2,0,AI24
mFus_Faces_cc3,adult,rh,FG3,0,AI24
mFus_Faces_cc3,adult,rh,FG4,1,AI24
mFus_Faces_cc3,adult,rh,FG1,0,AWMS24
mFus_Faces_cc3,adult,rh,FG2,0,AWMS24
mFus_Faces_cc3,adult,rh,FG3,0.0833333333333333,AWMS24
mFus_Faces_cc3,adult,rh,FG4,0.916666666666667,AWMS24
mFus_Faces_cc3,adult,rh,FG1,0,BM24
mFus_Faces_cc3,adult,rh,FG2,0,BM24
mFus_Faces_cc3,adult,rh,FG3,0,BM24
mFus_Faces_cc3,adult,rh,FG4,0.963414634146341,BM24
mFus_Faces_cc3,adult,rh,FG1,0,CB24
mFus_Faces_cc3,adult,rh,FG2,0,CB24
mFus_Faces_cc3,adult,rh,FG3,0,CB24
mFus_Faces_cc3,adult,rh,FG4,1,CB24
mFus_Faces_cc3,adult,rh,FG1,0,CR24
mFus_Faces_cc3,adult,rh,FG2,0.137724550898204,CR24
mFus_Faces_cc3,adult,rh,FG3,0,CR24
mFus_Faces_cc3,adult,rh,FG4,0.838323353293413,CR24
mFus_Faces_cc3,adult,rh,FG1,0,CS22
mFus_Faces_cc3,adult,rh,FG2,0,CS22
mFus_Faces_cc3,adult,rh,FG3,0,CS22
mFus_Faces_cc3,adult,rh,FG4,0.935483870967742,CS22
mFus_Faces_cc3,adult,rh,FG1,0,EA23
mFus_Faces_cc3,adult,rh,FG2,0,EA23
mFus_Faces_cc3,adult,rh,FG3,0,EA23
mFus_Faces_cc3,adult,rh,FG4,0.84375,EA23
mFus_Faces_cc3,adult,rh,FG1,0,JH22
mFus_Faces_cc3,adult,rh,FG2,0,JH22
mFus_Faces_cc3,adult,rh,FG3,0,JH22
mFus_Faces_cc3,adult,rh,FG4,1,JH22
mFus_Faces_cc3,adult,rh,FG1,0.0714285714285714,JP23
mFus_Faces_cc3,adult,rh,FG2,0.396103896103896,JP23
mFus_Faces_cc3,adult,rh,FG3,0,JP23
mFus_Faces_cc3,adult,rh,FG4,0.532467532467532,JP23
mFus_Faces_cc3,adult,rh,FG1,0,KG22
mFus_Faces_cc3,adult,rh,FG2,0,KG22
mFus_Faces_cc3,adult,rh,FG3,0,KG22
mFus_Faces_cc3,adult,rh,FG4,1,KG22
mFus_Faces_cc3,adult,rh,FG1,0,LB23
mFus_Faces_cc3,adult,rh,FG2,0,LB23
mFus_Faces_cc3,adult,rh,FG3,0,LB23
mFus_Faces_cc3,adult,rh,FG4,1,LB23
mFus_Faces_cc3,adult,rh,FG1,0.00578034682080925,MC26
mFus_Faces_cc3,adult,rh,FG2,0.832369942196532,MC26
mFus_Faces_cc3,adult,rh,FG3,0,MC26
mFus_Faces_cc3,adult,rh,FG4,0.161849710982659,MC26
mFus_Faces_cc3,adult,rh,FG1,0,ML23
mFus_Faces_cc3,adult,rh,FG2,0,ML23
mFus_Faces_cc3,adult,rh,FG3,0.461538461538462,ML23
mFus_Faces_cc3,adult,rh,FG4,0.538461538461538,ML23
mFus_Faces_cc3,adult,rh,FG1,0,MMC27
mFus_Faces_cc3,adult,rh,FG2,0,MMC27
mFus_Faces_cc3,adult,rh,FG3,0,MMC27
mFus_Faces_cc3,adult,rh,FG4,1,MMC27
mFus_Faces_cc3,adult,rh,FG1,0,MW23
mFus_Faces_cc3,adult,rh,FG2,0,MW23
mFus_Faces_cc3,adult,rh,FG3,0,MW23
mFus_Faces_cc3,adult,rh,FG4,0.966101694915254,MW23
mFus_Faces_cc3,adult,rh,FG1,0,NC24
mFus_Faces_cc3,adult,rh,FG2,0.504672897196262,NC24
mFus_Faces_cc3,adult,rh,FG3,0,NC24
mFus_Faces_cc3,adult,rh,FG4,0.495327102803738,NC24
mFus_Faces_cc3,adult,rh,FG1,0,SL23
mFus_Faces_cc3,adult,rh,FG2,0.00671140939597315,SL23
mFus_Faces_cc3,adult,rh,FG3,0,SL23
mFus_Faces_cc3,adult,rh,FG4,0.993288590604027,SL23
mFus_Faces_cc3,adult,rh,FG1,0,TL24
mFus_Faces_cc3,adult,rh,FG2,0,TL24
mFus_Faces_cc3,adult,rh,FG3,0,TL24
mFus_Faces_cc3,adult,rh,FG4,1,TL24
mFus_Faces_cc3,adult,rh,FG1,0,jesse
mFus_Faces_cc3,adult,rh,FG2,0,jesse
mFus_Faces_cc3,adult,rh,FG3,0,jesse
mFus_Faces_cc3,adult,rh,FG4,0.994565217391304,jesse
mFus_Faces_cc3,adult,rh,FG1,0,michaelb
mFus_Faces_cc3,adult,rh,FG2,0,michaelb
mFus_Faces_cc3,adult,rh,FG3,0,michaelb
mFus_Faces_cc3,adult,rh,FG4,1,michaelb
pFus_Faces_cc3,adult,rh,FG1,0.0476190476190476,AD25
pFus_Faces_cc3,adult,rh,FG2,0.952380952380952,AD25
pFus_Faces_cc3,adult,rh,FG3,0,AD25
pFus_Faces_cc3,adult,rh,FG4,0,AD25
pFus_Faces_cc3,adult,rh,FG1,0,AI24
pFus_Faces_cc3,adult,rh,FG2,0.775,AI24
pFus_Faces_cc3,adult,rh,FG3,0,AI24
pFus_Faces_cc3,adult,rh,FG4,0.075,AI24
pFus_Faces_cc3,adult,rh,FG1,0.242424242424242,AWMS24
pFus_Faces_cc3,adult,rh,FG2,0.602272727272727,AWMS24
pFus_Faces_cc3,adult,rh,FG3,0,AWMS24
pFus_Faces_cc3,adult,rh,FG4,0.0909090909090909,AWMS24
pFus_Faces_cc3,adult,rh,FG1,0,BM24
pFus_Faces_cc3,adult,rh,FG2,1,BM24
pFus_Faces_cc3,adult,rh,FG3,0,BM24
pFus_Faces_cc3,adult,rh,FG4,0,BM24
pFus_Faces_cc3,adult,rh,FG1,0.075187969924812,CB24
pFus_Faces_cc3,adult,rh,FG2,0.75187969924812,CB24
pFus_Faces_cc3,adult,rh,FG3,0,CB24
pFus_Faces_cc3,adult,rh,FG4,0.0150375939849624,CB24
pFus_Faces_cc3,adult,rh,FG1,0.213709677419355,CS22
pFus_Faces_cc3,adult,rh,FG2,0.778225806451613,CS22
pFus_Faces_cc3,adult,rh,FG3,0,CS22
pFus_Faces_cc3,adult,rh,FG4,0,CS22
pFus_Faces_cc3,adult,rh,FG1,0.00332225913621262,EA23
pFus_Faces_cc3,adult,rh,FG2,0.465116279069767,EA23
pFus_Faces_cc3,adult,rh,FG3,0,EA23
pFus_Faces_cc3,adult,rh,FG4,0.53156146179402,EA23
pFus_Faces_cc3,adult,rh,FG1,0,GB23
pFus_Faces_cc3,adult,rh,FG2,1,GB23
pFus_Faces_cc3,adult,rh,FG3,0,GB23
pFus_Faces_cc3,adult,rh,FG4,0,GB23
pFus_Faces_cc3,adult,rh,FG1,0,JEW23
pFus_Faces_cc3,adult,rh,FG2,0.625550660792952,JEW23
pFus_Faces_cc3,adult,rh,FG3,0,JEW23
pFus_Faces_cc3,adult,rh,FG4,0.374449339207048,JEW23
pFus_Faces_cc3,adult,rh,FG1,0,JH22
pFus_Faces_cc3,adult,rh,FG2,0.0416666666666667,JH22
pFus_Faces_cc3,adult,rh,FG3,0,JH22
pFus_Faces_cc3,adult,rh,FG4,0.958333333333333,JH22
pFus_Faces_cc3,adult,rh,FG1,0,JM25
pFus_Faces_cc3,adult,rh,FG2,0.0380952380952381,JM25
pFus_Faces_cc3,adult,rh,FG3,0.0904761904761905,JM25
pFus_Faces_cc3,adult,rh,FG4,0.871428571428571,JM25
pFus_Faces_cc3,adult,rh,FG1,0.483516483516484,JP23
pFus_Faces_cc3,adult,rh,FG2,0.285714285714286,JP23
pFus_Faces_cc3,adult,rh,FG3,0,JP23
pFus_Faces_cc3,adult,rh,FG4,0,JP23
pFus_Faces_cc3,adult,rh,FG1,0,LB23
pFus_Faces_cc3,adult,rh,FG2,0.168918918918919,LB23
pFus_Faces_cc3,adult,rh,FG3,0,LB23
pFus_Faces_cc3,adult,rh,FG4,0.594594594594595,LB23
pFus_Faces_cc3,adult,rh,FG1,0.0109489051094891,MBA24
pFus_Faces_cc3,adult,rh,FG2,0.708029197080292,MBA24
pFus_Faces_cc3,adult,rh,FG3,0,MBA24
pFus_Faces_cc3,adult,rh,FG4,0.281021897810219,MBA24
pFus_Faces_cc3,adult,rh,FG1,0.0567514677103718,MJW22
pFus_Faces_cc3,adult,rh,FG2,0.60665362035225,MJW22
pFus_Faces_cc3,adult,rh,FG3,0,MJW22
pFus_Faces_cc3,adult,rh,FG4,0.285714285714286,MJW22
pFus_Faces_cc3,adult,rh,FG1,0,ML23
pFus_Faces_cc3,adult,rh,FG2,0.726495726495726,ML23
pFus_Faces_cc3,adult,rh,FG3,0.153846153846154,ML23
pFus_Faces_cc3,adult,rh,FG4,0.11965811965812,ML23
pFus_Faces_cc3,adult,rh,FG1,0.00806451612903226,MMC27
pFus_Faces_cc3,adult,rh,FG2,0.959677419354839,MMC27
pFus_Faces_cc3,adult,rh,FG3,0,MMC27
pFus_Faces_cc3,adult,rh,FG4,0,MMC27
pFus_Faces_cc3,adult,rh,FG1,0.0344827586206897,MSH28
pFus_Faces_cc3,adult,rh,FG2,0.919540229885057,MSH28
pFus_Faces_cc3,adult,rh,FG3,0,MSH28
pFus_Faces_cc3,adult,rh,FG4,0.0459770114942529,MSH28
pFus_Faces_cc3,adult,rh,FG1,0,MW23
pFus_Faces_cc3,adult,rh,FG2,0.285472972972973,MW23
pFus_Faces_cc3,adult,rh,FG3,0,MW23
pFus_Faces_cc3,adult,rh,FG4,0.712837837837838,MW23
pFus_Faces_cc3,adult,rh,FG1,0,TL24
pFus_Faces_cc3,adult,rh,FG2,0.444852941176471,TL24
pFus_Faces_cc3,adult,rh,FG3,0,TL24
pFus_Faces_cc3,adult,rh,FG4,0.525735294117647,TL24
pFus_Faces_cc3,adult,rh,FG1,0.0339805825242718,jesse
pFus_Faces_cc3,adult,rh,FG2,0.679611650485437,jesse
pFus_Faces_cc3,adult,rh,FG3,0,jesse
pFus_Faces_cc3,adult,rh,FG4,0.262135922330097,jesse
pFus_Faces_cc3,adult,rh,FG1,0.0102040816326531,michaelb
pFus_Faces_cc3,adult,rh,FG2,0.775510204081633,michaelb
pFus_Faces_cc3,adult,rh,FG3,0,michaelb
pFus_Faces_cc3,adult,rh,FG4,0.214285714285714,michaelb
pFus_Faces_cc3,adult,rh,FG1,0,natalia
pFus_Faces_cc3,adult,rh,FG2,0.623152709359606,natalia
pFus_Faces_cc3,adult,rh,FG3,0,natalia
pFus_Faces_cc3,adult,rh,FG4,0.362068965517241,natalia
mOTS_word_cc3,adult,rh,FG1,0,AI24
mOTS_word_cc3,adult,rh,FG2,0,AI24
mOTS_word_cc3,adult,rh,FG3,0,AI24
mOTS_word_cc3,adult,rh,FG4,0.0517241379310345,AI24
mOTS_word_cc3,adult,rh,FG1,0,CS22
mOTS_word_cc3,adult,rh,FG2,0,CS22
mOTS_word_cc3,adult,rh,FG3,0,CS22
mOTS_word_cc3,adult,rh,FG4,0,CS22
mOTS_word_cc3,adult,rh,FG1,0,EA23
mOTS_word_cc3,adult,rh,FG2,0.527777777777778,EA23
mOTS_word_cc3,adult,rh,FG3,0,EA23
mOTS_word_cc3,adult,rh,FG4,0.472222222222222,EA23
mOTS_word_cc3,adult,rh,FG1,0,MJW22
mOTS_word_cc3,adult,rh,FG2,0,MJW22
mOTS_word_cc3,adult,rh,FG3,0,MJW22
mOTS_word_cc3,adult,rh,FG4,0,MJW22
mOTS_word_cc3,adult,rh,FG1,0,ML23
mOTS_word_cc3,adult,rh,FG2,0,ML23
mOTS_word_cc3,adult,rh,FG3,0,ML23
mOTS_word_cc3,adult,rh,FG4,0,ML23
mOTS_word_cc3,adult,rh,FG1,0,NC24
mOTS_word_cc3,adult,rh,FG2,0.0948905109489051,NC24
mOTS_word_cc3,adult,rh,FG3,0,NC24
mOTS_word_cc3,adult,rh,FG4,0.627737226277372,NC24
mOTS_word_cc3,adult,rh,FG1,0,SL23
mOTS_word_cc3,adult,rh,FG2,0.405063291139241,SL23
mOTS_word_cc3,adult,rh,FG3,0,SL23
mOTS_word_cc3,adult,rh,FG4,0.594936708860759,SL23
mOTS_word_cc3,adult,rh,FG1,0,TL24
mOTS_word_cc3,adult,rh,FG2,0,TL24
mOTS_word_cc3,adult,rh,FG3,0,TL24
mOTS_word_cc3,adult,rh,FG4,0,TL24
mOTS_word_cc3,adult,rh,FG1,0,natalia
mOTS_word_cc3,adult,rh,FG2,0,natalia
mOTS_word_cc3,adult,rh,FG3,0,natalia
mOTS_word_cc3,adult,rh,FG4,0,natalia
pOTS_word_cc3,adult,rh,FG1,0.253968253968254,AD25
pOTS_word_cc3,adult,rh,FG2,0.492063492063492,AD25
pOTS_word_cc3,adult,rh,FG3,0,AD25
pOTS_word_cc3,adult,rh,FG4,0,AD25
pOTS_word_cc3,adult,rh,FG1,0,AI24
pOTS_word_cc3,adult,rh,FG2,0.155555555555556,AI24
pOTS_word_cc3,adult,rh,FG3,0,AI24
pOTS_word_cc3,adult,rh,FG4,0.4,AI24
pOTS_word_cc3,adult,rh,FG1,0,AWMS24
pOTS_word_cc3,adult,rh,FG2,0.963636363636364,AWMS24
pOTS_word_cc3,adult,rh,FG3,0,AWMS24
pOTS_word_cc3,adult,rh,FG4,0.0363636363636364,AWMS24
pOTS_word_cc3,adult,rh,FG1,0,BM24
pOTS_word_cc3,adult,rh,FG2,1,BM24
pOTS_word_cc3,adult,rh,FG3,0,BM24
pOTS_word_cc3,adult,rh,FG4,0,BM24
pOTS_word_cc3,adult,rh,FG1,0,CR24
pOTS_word_cc3,adult,rh,FG2,0.333333333333333,CR24
pOTS_word_cc3,adult,rh,FG3,0,CR24
pOTS_word_cc3,adult,rh,FG4,0.315789473684211,CR24
pOTS_word_cc3,adult,rh,FG1,0,CS22
pOTS_word_cc3,adult,rh,FG2,0.619047619047619,CS22
pOTS_word_cc3,adult,rh,FG3,0,CS22
pOTS_word_cc3,adult,rh,FG4,0,CS22
pOTS_word_cc3,adult,rh,FG1,0.0142857142857143,GB23
pOTS_word_cc3,adult,rh,FG2,0.257142857142857,GB23
pOTS_word_cc3,adult,rh,FG3,0,GB23
pOTS_word_cc3,adult,rh,FG4,0,GB23
pOTS_word_cc3,adult,rh,FG1,0,JEW23
pOTS_word_cc3,adult,rh,FG2,0.846153846153846,JEW23
pOTS_word_cc3,adult,rh,FG3,0,JEW23
pOTS_word_cc3,adult,rh,FG4,0,JEW23
pOTS_word_cc3,adult,rh,FG1,0,JH22
pOTS_word_cc3,adult,rh,FG2,0.772727272727273,JH22
pOTS_word_cc3,adult,rh,FG3,0,JH22
pOTS_word_cc3,adult,rh,FG4,0,JH22
pOTS_word_cc3,adult,rh,FG1,0.185714285714286,JM25
pOTS_word_cc3,adult,rh,FG2,0.728571428571429,JM25
pOTS_word_cc3,adult,rh,FG3,0,JM25
pOTS_word_cc3,adult,rh,FG4,0,JM25
pOTS_word_cc3,adult,rh,FG1,0,JP23
pOTS_word_cc3,adult,rh,FG2,0.942307692307692,JP23
pOTS_word_cc3,adult,rh,FG3,0,JP23
pOTS_word_cc3,adult,rh,FG4,0,JP23
pOTS_word_cc3,adult,rh,FG1,0,KG22
pOTS_word_cc3,adult,rh,FG2,0.769230769230769,KG22
pOTS_word_cc3,adult,rh,FG3,0,KG22
pOTS_word_cc3,adult,rh,FG4,0.182692307692308,KG22
pOTS_word_cc3,adult,rh,FG1,0.0324675324675325,LB23
pOTS_word_cc3,adult,rh,FG2,0.961038961038961,LB23
pOTS_word_cc3,adult,rh,FG3,0,LB23
pOTS_word_cc3,adult,rh,FG4,0,LB23
pOTS_word_cc3,adult,rh,FG1,0,MBA24
pOTS_word_cc3,adult,rh,FG2,1,MBA24
pOTS_word_cc3,adult,rh,FG3,0,MBA24
pOTS_word_cc3,adult,rh,FG4,0,MBA24
pOTS_word_cc3,adult,rh,FG1,0.285714285714286,MC26
pOTS_word_cc3,adult,rh,FG2,0.714285714285714,MC26
pOTS_word_cc3,adult,rh,FG3,0,MC26
pOTS_word_cc3,adult,rh,FG4,0,MC26
pOTS_word_cc3,adult,rh,FG1,0.0622222222222222,MJW22
pOTS_word_cc3,adult,rh,FG2,0.284444444444444,MJW22
pOTS_word_cc3,adult,rh,FG3,0,MJW22
pOTS_word_cc3,adult,rh,FG4,0,MJW22
pOTS_word_cc3,adult,rh,FG1,0,ML23
pOTS_word_cc3,adult,rh,FG2,0,ML23
pOTS_word_cc3,adult,rh,FG3,0,ML23
pOTS_word_cc3,adult,rh,FG4,0,ML23
pOTS_word_cc3,adult,rh,FG1,0,MMC27
pOTS_word_cc3,adult,rh,FG2,0.131578947368421,MMC27
pOTS_word_cc3,adult,rh,FG3,0,MMC27
pOTS_word_cc3,adult,rh,FG4,0,MMC27
pOTS_word_cc3,adult,rh,FG1,0,MW23
pOTS_word_cc3,adult,rh,FG2,0,MW23
pOTS_word_cc3,adult,rh,FG3,0,MW23
pOTS_word_cc3,adult,rh,FG4,0.0444444444444444,MW23
pOTS_word_cc3,adult,rh,FG1,0.0339622641509434,NC24
pOTS_word_cc3,adult,rh,FG2,0.384905660377359,NC24
pOTS_word_cc3,adult,rh,FG3,0,NC24
pOTS_word_cc3,adult,rh,FG4,0,NC24
pOTS_word_cc3,adult,rh,FG1,0.0196078431372549,SL23
pOTS_word_cc3,adult,rh,FG2,0.92156862745098,SL23
pOTS_word_cc3,adult,rh,FG3,0,SL23
pOTS_word_cc3,adult,rh,FG4,0,SL23
pOTS_word_cc3,adult,rh,FG1,0,TL24
pOTS_word_cc3,adult,rh,FG2,0,TL24
pOTS_word_cc3,adult,rh,FG3,0,TL24
pOTS_word_cc3,adult,rh,FG4,0,TL24
pOTS_word_cc3,adult,rh,FG1,0,jesse
pOTS_word_cc3,adult,rh,FG2,0.935897435897436,jesse
pOTS_word_cc3,adult,rh,FG3,0,jesse
pOTS_word_cc3,adult,rh,FG4,0.0128205128205128,jesse
pOTS_word_cc3,adult,rh,FG1,0.405405405405405,natalia
pOTS_word_cc3,adult,rh,FG2,0.594594594594595,natalia
pOTS_word_cc3,adult,rh,FG3,0,natalia
pOTS_word_cc3,adult,rh,FG4,0,natalia
PPA_Placeshouses_cc3,adult,rh,FG1,0,AD25
PPA_Placeshouses_cc3,adult,rh,FG2,0,AD25
PPA_Placeshouses_cc3,adult,rh,FG3,0.882521489971347,AD25
PPA_Placeshouses_cc3,adult,rh,FG4,0,AD25
PPA_Placeshouses_cc3,adult,rh,FG1,0.00323275862068966,AI24
PPA_Placeshouses_cc3,adult,rh,FG2,0,AI24
PPA_Placeshouses_cc3,adult,rh,FG3,0.701508620689655,AI24
PPA_Placeshouses_cc3,adult,rh,FG4,0,AI24
PPA_Placeshouses_cc3,adult,rh,FG1,0,AWMS24
PPA_Placeshouses_cc3,adult,rh,FG2,0,AWMS24
PPA_Placeshouses_cc3,adult,rh,FG3,0.708333333333333,AWMS24
PPA_Placeshouses_cc3,adult,rh,FG4,0,AWMS24
PPA_Placeshouses_cc3,adult,rh,FG1,0.153333333333333,BM24
PPA_Placeshouses_cc3,adult,rh,FG2,0,BM24
PPA_Placeshouses_cc3,adult,rh,FG3,0.833333333333333,BM24
PPA_Placeshouses_cc3,adult,rh,FG4,0,BM24
PPA_Placeshouses_cc3,adult,rh,FG1,0,CB24
PPA_Placeshouses_cc3,adult,rh,FG2,0,CB24
PPA_Placeshouses_cc3,adult,rh,FG3,0.697705802968961,CB24
PPA_Placeshouses_cc3,adult,rh,FG4,0,CB24
PPA_Placeshouses_cc3,adult,rh,FG1,0.130841121495327,CR24
PPA_Placeshouses_cc3,adult,rh,FG2,0,CR24
PPA_Placeshouses_cc3,adult,rh,FG3,0.822429906542056,CR24
PPA_Placeshouses_cc3,adult,rh,FG4,0,CR24
PPA_Placeshouses_cc3,adult,rh,FG1,0.128865979381443,CS22
PPA_Placeshouses_cc3,adult,rh,FG2,0.00171821305841924,CS22
PPA_Placeshouses_cc3,adult,rh,FG3,0.462199312714777,CS22
PPA_Placeshouses_cc3,adult,rh,FG4,0.0429553264604811,CS22
PPA_Placeshouses_cc3,adult,rh,FG1,0,EA23
PPA_Placeshouses_cc3,adult,rh,FG2,0,EA23
PPA_Placeshouses_cc3,adult,rh,FG3,0.527918781725888,EA23
PPA_Placeshouses_cc3,adult,rh,FG4,0,EA23
PPA_Placeshouses_cc3,adult,rh,FG1,0.141683778234086,GB23
PPA_Placeshouses_cc3,adult,rh,FG2,0,GB23
PPA_Placeshouses_cc3,adult,rh,FG3,0.480492813141684,GB23
PPA_Placeshouses_cc3,adult,rh,FG4,0,GB23
PPA_Placeshouses_cc3,adult,rh,FG1,0.0428571428571429,JEW23
PPA_Placeshouses_cc3,adult,rh,FG2,0,JEW23
PPA_Placeshouses_cc3,adult,rh,FG3,0.880952380952381,JEW23
PPA_Placeshouses_cc3,adult,rh,FG4,0.0714285714285714,JEW23
PPA_Placeshouses_cc3,adult,rh,FG1,0.00628930817610063,JH22
PPA_Placeshouses_cc3,adult,rh,FG2,0,JH22
PPA_Placeshouses_cc3,adult,rh,FG3,0.672955974842767,JH22
PPA_Placeshouses_cc3,adult,rh,FG4,0,JH22
PPA_Placeshouses_cc3,adult,rh,FG1,0.00157977883096367,JM25
PPA_Placeshouses_cc3,adult,rh,FG2,0,JM25
PPA_Placeshouses_cc3,adult,rh,FG3,0.941548183254344,JM25
PPA_Placeshouses_cc3,adult,rh,FG4,0,JM25
PPA_Placeshouses_cc3,adult,rh,FG1,0,JP23
PPA_Placeshouses_cc3,adult,rh,FG2,0,JP23
PPA_Placeshouses_cc3,adult,rh,FG3,0.802083333333333,JP23
PPA_Placeshouses_cc3,adult,rh,FG4,0,JP23
PPA_Placeshouses_cc3,adult,rh,FG1,0.0425273390036452,KG22
PPA_Placeshouses_cc3,adult,rh,FG2,0,KG22
PPA_Placeshouses_cc3,adult,rh,FG3,0.719319562575942,KG22
PPA_Placeshouses_cc3,adult,rh,FG4,0.00121506682867558,KG22
PPA_Placeshouses_cc3,adult,rh,FG1,0.177358490566038,LB23
PPA_Placeshouses_cc3,adult,rh,FG2,0,LB23
PPA_Placeshouses_cc3,adult,rh,FG3,0.670754716981132,LB23
PPA_Placeshouses_cc3,adult,rh,FG4,0,LB23
PPA_Placeshouses_cc3,adult,rh,FG1,0.0265486725663717,MBA24
PPA_Placeshouses_cc3,adult,rh,FG2,0,MBA24
PPA_Placeshouses_cc3,adult,rh,FG3,0.907964601769911,MBA24
PPA_Placeshouses_cc3,adult,rh,FG4,0.0176991150442478,MBA24
PPA_Placeshouses_cc3,adult,rh,FG1,0,MC26
PPA_Placeshouses_cc3,adult,rh,FG2,0,MC26
PPA_Placeshouses_cc3,adult,rh,FG3,0.742092457420925,MC26
PPA_Placeshouses_cc3,adult,rh,FG4,0.0048661800486618,MC26
PPA_Placeshouses_cc3,adult,rh,FG1,0.00211640211640212,MJW22
PPA_Placeshouses_cc3,adult,rh,FG2,0,MJW22
PPA_Placeshouses_cc3,adult,rh,FG3,0.66984126984127,MJW22
PPA_Placeshouses_cc3,adult,rh,FG4,0,MJW22
PPA_Placeshouses_cc3,adult,rh,FG1,0,ML23
PPA_Placeshouses_cc3,adult,rh,FG2,0,ML23
PPA_Placeshouses_cc3,adult,rh,FG3,0.644329896907217,ML23
PPA_Placeshouses_cc3,adult,rh,FG4,0,ML23
PPA_Placeshouses_cc3,adult,rh,FG1,0.210227272727273,MMC27
PPA_Placeshouses_cc3,adult,rh,FG2,0,MMC27
PPA_Placeshouses_cc3,adult,rh,FG3,0.789772727272727,MMC27
PPA_Placeshouses_cc3,adult,rh,FG4,0,MMC27
PPA_Placeshouses_cc3,adult,rh,FG1,0.588235294117647,MSH28
PPA_Placeshouses_cc3,adult,rh,FG2,0,MSH28
PPA_Placeshouses_cc3,adult,rh,FG3,0.085972850678733,MSH28
PPA_Placeshouses_cc3,adult,rh,FG4,0.203619909502262,MSH28
PPA_Placeshouses_cc3,adult,rh,FG1,0.00460829493087558,MW23
PPA_Placeshouses_cc3,adult,rh,FG2,0,MW23
PPA_Placeshouses_cc3,adult,rh,FG3,0.758064516129032,MW23
PPA_Placeshouses_cc3,adult,rh,FG4,0.00691244239631336,MW23
PPA_Placeshouses_cc3,adult,rh,FG1,0.00222222222222222,NC24
PPA_Placeshouses_cc3,adult,rh,FG2,0,NC24
PPA_Placeshouses_cc3,adult,rh,FG3,0.962222222222222,NC24
PPA_Placeshouses_cc3,adult,rh,FG4,0,NC24
PPA_Placeshouses_cc3,adult,rh,FG1,0.0106382978723404,SL23
PPA_Placeshouses_cc3,adult,rh,FG2,0,SL23
PPA_Placeshouses_cc3,adult,rh,FG3,0.790273556231003,SL23
PPA_Placeshouses_cc3,adult,rh,FG4,0,SL23
PPA_Placeshouses_cc3,adult,rh,FG1,0,TL24
PPA_Placeshouses_cc3,adult,rh,FG2,0,TL24
PPA_Placeshouses_cc3,adult,rh,FG3,0.789147286821705,TL24
PPA_Placeshouses_cc3,adult,rh,FG4,0,TL24
PPA_Placeshouses_cc3,adult,rh,FG1,0,jesse
PPA_Placeshouses_cc3,adult,rh,FG2,0,jesse
PPA_Placeshouses_cc3,adult,rh,FG3,0.700487012987013,jesse
PPA_Placeshouses_cc3,adult,rh,FG4,0.00892857142857143,jesse
PPA_Placeshouses_cc3,adult,rh,FG1,0,michaelb
PPA_Placeshouses_cc3,adult,rh,FG2,0,michaelb
PPA_Placeshouses_cc3,adult,rh,FG3,0.757142857142857,michaelb
PPA_Placeshouses_cc3,adult,rh,FG4,0,michaelb
PPA_Placeshouses_cc3,adult,rh,FG1,0.200488997555012,natalia
PPA_Placeshouses_cc3,adult,rh,FG2,0.0488997555012225,natalia
PPA_Placeshouses_cc3,adult,rh,FG3,0.60757946210269,natalia
PPA_Placeshouses_cc3,adult,rh,FG4,0.0501222493887531,natalia
OTS_Bodies_cc3,adult,rh,FG1,0,AD25
OTS_Bodies_cc3,adult,rh,FG2,0,AD25
OTS_Bodies_cc3,adult,rh,FG3,0,AD25
OTS_Bodies_cc3,adult,rh,FG4,1,AD25
OTS_Bodies_cc3,adult,rh,FG1,0,AI24
OTS_Bodies_cc3,adult,rh,FG2,0.162162162162162,AI24
OTS_Bodies_cc3,adult,rh,FG3,0,AI24
OTS_Bodies_cc3,adult,rh,FG4,0.837837837837838,AI24
OTS_Bodies_cc3,adult,rh,FG1,0.0196078431372549,AWMS24
OTS_Bodies_cc3,adult,rh,FG2,0.715686274509804,AWMS24
OTS_Bodies_cc3,adult,rh,FG3,0,AWMS24
OTS_Bodies_cc3,adult,rh,FG4,0.264705882352941,AWMS24
OTS_Bodies_cc3,adult,rh,FG1,0,CB24
OTS_Bodies_cc3,adult,rh,FG2,0.309859154929577,CB24
OTS_Bodies_cc3,adult,rh,FG3,0,CB24
OTS_Bodies_cc3,adult,rh,FG4,0.690140845070423,CB24
OTS_Bodies_cc3,adult,rh,FG1,0,CR24
OTS_Bodies_cc3,adult,rh,FG2,0,CR24
OTS_Bodies_cc3,adult,rh,FG3,0,CR24
OTS_Bodies_cc3,adult,rh,FG4,0.865384615384615,CR24
OTS_Bodies_cc3,adult,rh,FG1,0,CS22
OTS_Bodies_cc3,adult,rh,FG2,0.268065268065268,CS22
OTS_Bodies_cc3,adult,rh,FG3,0,CS22
OTS_Bodies_cc3,adult,rh,FG4,0.682983682983683,CS22
OTS_Bodies_cc3,adult,rh,FG1,0,EA23
OTS_Bodies_cc3,adult,rh,FG2,0,EA23
OTS_Bodies_cc3,adult,rh,FG3,0,EA23
OTS_Bodies_cc3,adult,rh,FG4,0.222222222222222,EA23
OTS_Bodies_cc3,adult,rh,FG1,0,GB23
OTS_Bodies_cc3,adult,rh,FG2,0,GB23
OTS_Bodies_cc3,adult,rh,FG3,0,GB23
OTS_Bodies_cc3,adult,rh,FG4,0,GB23
OTS_Bodies_cc3,adult,rh,FG1,0,JEW23
OTS_Bodies_cc3,adult,rh,FG2,0.053475935828877,JEW23
OTS_Bodies_cc3,adult,rh,FG3,0,JEW23
OTS_Bodies_cc3,adult,rh,FG4,0.812834224598931,JEW23
OTS_Bodies_cc3,adult,rh,FG1,0,JH22
OTS_Bodies_cc3,adult,rh,FG2,0,JH22
OTS_Bodies_cc3,adult,rh,FG3,0,JH22
OTS_Bodies_cc3,adult,rh,FG4,0.962962962962963,JH22
OTS_Bodies_cc3,adult,rh,FG1,0,JM25
OTS_Bodies_cc3,adult,rh,FG2,0,JM25
OTS_Bodies_cc3,adult,rh,FG3,0,JM25
OTS_Bodies_cc3,adult,rh,FG4,0.893939393939394,JM25
OTS_Bodies_cc3,adult,rh,FG1,0,JP23
OTS_Bodies_cc3,adult,rh,FG2,0,JP23
OTS_Bodies_cc3,adult,rh,FG3,0,JP23
OTS_Bodies_cc3,adult,rh,FG4,1,JP23
OTS_Bodies_cc3,adult,rh,FG1,0,KG22
OTS_Bodies_cc3,adult,rh,FG2,0,KG22
OTS_Bodies_cc3,adult,rh,FG3,0,KG22
OTS_Bodies_cc3,adult,rh,FG4,0.645714285714286,KG22
OTS_Bodies_cc3,adult,rh,FG1,0,LB23
OTS_Bodies_cc3,adult,rh,FG2,0,LB23
OTS_Bodies_cc3,adult,rh,FG3,0,LB23
OTS_Bodies_cc3,adult,rh,FG4,0.84971098265896,LB23
OTS_Bodies_cc3,adult,rh,FG1,0,MBA24
OTS_Bodies_cc3,adult,rh,FG2,0.0267379679144385,MBA24
OTS_Bodies_cc3,adult,rh,FG3,0,MBA24
OTS_Bodies_cc3,adult,rh,FG4,0.973262032085562,MBA24
OTS_Bodies_cc3,adult,rh,FG1,0,MC26
OTS_Bodies_cc3,adult,rh,FG2,0.7890625,MC26
OTS_Bodies_cc3,adult,rh,FG3,0,MC26
OTS_Bodies_cc3,adult,rh,FG4,0.2109375,MC26
OTS_Bodies_cc3,adult,rh,FG1,0,MJW22
OTS_Bodies_cc3,adult,rh,FG2,0.0583554376657825,MJW22
OTS_Bodies_cc3,adult,rh,FG3,0,MJW22
OTS_Bodies_cc3,adult,rh,FG4,0.80106100795756,MJW22
OTS_Bodies_cc3,adult,rh,FG1,0,ML23
OTS_Bodies_cc3,adult,rh,FG2,0.172413793103448,ML23
OTS_Bodies_cc3,adult,rh,FG3,0,ML23
OTS_Bodies_cc3,adult,rh,FG4,0.827586206896552,ML23
OTS_Bodies_cc3,adult,rh,FG1,0,MMC27
OTS_Bodies_cc3,adult,rh,FG2,0,MMC27
OTS_Bodies_cc3,adult,rh,FG3,0,MMC27
OTS_Bodies_cc3,adult,rh,FG4,0.277777777777778,MMC27
OTS_Bodies_cc3,adult,rh,FG1,0,MSH28
OTS_Bodies_cc3,adult,rh,FG2,0,MSH28
OTS_Bodies_cc3,adult,rh,FG3,0,MSH28
OTS_Bodies_cc3,adult,rh,FG4,1,MSH28
OTS_Bodies_cc3,adult,rh,FG1,0,MW23
OTS_Bodies_cc3,adult,rh,FG2,0,MW23
OTS_Bodies_cc3,adult,rh,FG3,0,MW23
OTS_Bodies_cc3,adult,rh,FG4,0.923664122137405,MW23
OTS_Bodies_cc3,adult,rh,FG1,0,SL23
OTS_Bodies_cc3,adult,rh,FG2,0,SL23
OTS_Bodies_cc3,adult,rh,FG3,0,SL23
OTS_Bodies_cc3,adult,rh,FG4,0.765625,SL23
OTS_Bodies_cc3,adult,rh,FG1,0,TL24
OTS_Bodies_cc3,adult,rh,FG2,0.0686274509803922,TL24
OTS_Bodies_cc3,adult,rh,FG3,0,TL24
OTS_Bodies_cc3,adult,rh,FG4,0.784313725490196,TL24
OTS_Bodies_cc3,adult,rh,FG1,0,jesse
OTS_Bodies_cc3,adult,rh,FG2,0.0688172043010753,jesse
OTS_Bodies_cc3,adult,rh,FG3,0,jesse
OTS_Bodies_cc3,adult,rh,FG4,0.774193548387097,jesse
OTS_Bodies_cc3,adult,rh,FG1,0,michaelb
OTS_Bodies_cc3,adult,rh,FG2,0,michaelb
OTS_Bodies_cc3,adult,rh,FG3,0,michaelb
OTS_Bodies_cc3,adult,rh,FG4,0.786764705882353,michaelb
OTS_Bodies_cc3,adult,rh,FG1,0,natalia
OTS_Bodies_cc3,adult,rh,FG2,0.0289017341040462,natalia
OTS_Bodies_cc3,adult,rh,FG3,0,natalia
OTS_Bodies_cc3,adult,rh,FG4,0,natalia
